medal_date,medal_type,athlete_code
2024-07-27,Gold Medal,1903136
2024-07-27,Silver Medal,1923520
2024-07-27,Bronze Medal,1903147
2024-07-27,Gold Medal,1940173
2024-07-27,Silver Medal,1912525
2024-07-27,Bronze Medal,1955079
2024-07-27,Gold Medal,1927149
2024-07-27,Silver Medal,1937783
2024-07-27,Bronze Medal,1924595
2024-07-27,Gold Medal,1963262
2024-07-27,Silver Medal,1916183
2024-07-27,Bronze Medal,1946375
2024-07-27,Gold Medal,1935408
2024-07-27,Silver Medal,1891304
2024-07-27,Bronze Medal,1896752
2024-07-27,Bronze Medal,1563544
2024-07-27,Gold Medal,1896735
2024-07-27,Silver Medal,1914467
2024-07-27,Bronze Medal,1891280
2024-07-27,Bronze Medal,1571911
2024-07-27,Gold Medal,1907192
2024-07-27,Silver Medal,1946172
2024-07-27,Bronze Medal,4654306
2024-07-27,Gold Medal,1946150
2024-07-27,Silver Medal,1967140
2024-07-27,Bronze Medal,1935938
2024-07-28,Gold Medal,1940205
2024-07-28,Silver Medal,1942126
2024-07-28,Bronze Medal,1896045
2024-07-28,Gold Medal,1895672
2024-07-28,Silver Medal,1955070
2024-07-28,Bronze Medal,1564023
2024-07-28,Gold Medal,1896548
2024-07-28,Silver Medal,1916194
2024-07-28,Bronze Medal,1936462
2024-07-28,Gold Medal,1950611
2024-07-28,Silver Medal,1950643
2024-07-28,Bronze Medal,1973213
2024-07-28,Gold Medal,1896763
2024-07-28,Silver Medal,1953840
2024-07-28,Bronze Medal,1935410
2024-07-28,Bronze Medal,1561138
2024-07-28,Gold Medal,1566997
2024-07-28,Silver Medal,1550162
2024-07-28,Bronze Medal,1953817
2024-07-28,Bronze Medal,1891283
2024-07-28,Gold Medal,1913907
2024-07-28,Silver Medal,1551388
2024-07-28,Bronze Medal,1551387
2024-07-28,Gold Medal,1893972
2024-07-28,Silver Medal,1893930
2024-07-28,Bronze Medal,1538159
2024-07-28,Gold Medal,1902055
2024-07-28,Silver Medal,1902069
2024-07-28,Bronze Medal,1955689
2024-07-28,Gold Medal,1925633
2024-07-28,Silver Medal,1956469
2024-07-28,Silver Medal,1935901
2024-07-28,Gold Medal,1909294
2024-07-28,Silver Medal,1963635
2024-07-28,Bronze Medal,1935903
2024-07-28,Gold Medal,1935923
2024-07-28,Silver Medal,1935998
2024-07-28,Bronze Medal,1945125
2024-07-29,Gold Medal,1880479
2024-07-29,Silver Medal,1896030
2024-07-29,Bronze Medal,1961080
2024-07-29,Gold Medal,1912546
2024-07-29,Silver Medal,1895687
2024-07-29,Bronze Medal,1943604
2024-07-29,Gold Medal,1914921
2024-07-29,Silver Medal,1940438
2024-07-29,Bronze Medal,1970898
2024-07-29,Gold Medal,1963245
2024-07-29,Silver Medal,1924289
2024-07-29,Bronze Medal,1950602
2024-07-29,Gold Medal,1916223
2024-07-29,Silver Medal,1916222
2024-07-29,Bronze Medal,1897644
2024-07-29,Gold Medal,1972337
2024-07-29,Silver Medal,1891311
2024-07-29,Bronze Medal,1563437
2024-07-29,Bronze Medal,1896740
2024-07-29,Gold Medal,1955526
2024-07-29,Silver Medal,1928067
2024-07-29,Bronze Medal,1896733
2024-07-29,Bronze Medal,1891286
2024-07-29,Gold Medal,1913899
2024-07-29,Silver Medal,1572919
2024-07-29,Bronze Medal,1888047
2024-07-29,Gold Medal,1893845
2024-07-29,Silver Medal,1913945
2024-07-29,Bronze Medal,1976545
2024-07-29,Gold Medal,1902081
2024-07-29,Silver Medal,1944226
2024-07-29,Bronze Medal,1944232
2024-07-29,Gold Medal,1925635
2024-07-29,Silver Medal,1945132
2024-07-29,Bronze Medal,1935957
2024-07-29,Gold Medal,1543549
2024-07-29,Silver Medal,1903617
2024-07-29,Bronze Medal,1935918
2024-07-29,Gold Medal,1962589
2024-07-29,Silver Medal,1945200
2024-07-29,Bronze Medal,1543304
2024-07-29,Gold Medal,1946218
2024-07-29,Silver Medal,1946150
2024-07-29,Bronze Medal,1925125
2024-07-29,Gold Medal,1967140
2024-07-29,Silver Medal,1935909
2024-07-29,Bronze Medal,1936001
2024-07-30,Gold Medal,1896765
2024-07-30,Silver Medal,1546651
2024-07-30,Bronze Medal,1928079
2024-07-30,Bronze Medal,1570561
2024-07-30,Gold Medal,1980833
2024-07-30,Silver Medal,1537287
2024-07-30,Bronze Medal,1891289
2024-07-30,Bronze Medal,1550167
2024-07-30,Gold Medal,1904430
2024-07-30,Silver Medal,1913928
2024-07-30,Bronze Medal,1958970
2024-07-30,Gold Medal,1539969
2024-07-30,Silver Medal,1935902
2024-07-30,Bronze Medal,1925630
2024-07-30,Gold Medal,1946198
2024-07-30,Silver Medal,1935984
2024-07-30,Bronze Medal,1935873
2024-07-31,Gold Medal,1919480
2024-07-31,Silver Medal,1918864
2024-07-31,Bronze Medal,1918860
2024-07-31,Gold Medal,1940205
2024-07-31,Silver Medal,1913770
2024-07-31,Bronze Medal,1955132
2024-07-31,Gold Medal,1916809
2024-07-31,Silver Medal,1912548
2024-07-31,Bronze Medal,1895685
2024-07-31,Gold Medal,1920569
2024-07-31,Silver Medal,1955071
2024-07-31,Bronze Medal,1940118
2024-07-31,Gold Medal,1548817
2024-07-31,Silver Medal,1896750
2024-07-31,Bronze Medal,1891318
2024-07-31,Bronze Medal,1961318
2024-07-31,Gold Medal,1898499
2024-07-31,Silver Medal,1563082
2024-07-31,Bronze Medal,1566421
2024-07-31,Bronze Medal,1903248
2024-07-31,Gold Medal,1958899
2024-07-31,Silver Medal,1915317
2024-07-31,Bronze Medal,1967454
2024-07-31,Gold Medal,1945148
2024-07-31,Silver Medal,1946200
2024-07-31,Bronze Medal,1543549
2024-07-31,Gold Medal,1909294
2024-07-31,Silver Medal,1946185
2024-07-31,Bronze Medal,1972545
2024-07-31,Gold Medal,1909294
2024-07-31,Silver Medal,1905860
2024-07-31,Bronze Medal,1967058
2024-07-31,Gold Medal,1572557
2024-07-31,Silver Medal,1935923
2024-07-31,Bronze Medal,1925125
2024-07-31,Gold Medal,1935938
2024-07-31,Silver Medal,1909209
2024-07-31,Bronze Medal,1907171
2024-07-31,Gold Medal,1904251
2024-07-31,Silver Medal,1926549
2024-07-31,Bronze Medal,1543967
2024-07-31,Gold Medal,1543963
2024-07-31,Silver Medal,1976489
2024-07-31,Bronze Medal,1904244
2024-08-01,Gold Medal,1959861
2024-08-01,Silver Medal,1953634
2024-08-01,Bronze Medal,1959866
2024-08-01,Gold Medal,1929767
2024-08-01,Silver Medal,1951928
2024-08-01,Bronze Medal,1904165
2024-08-01,Gold Medal,1919002
2024-08-01,Silver Medal,1905369
2024-08-01,Bronze Medal,1939791
2024-08-01,Gold Medal,1550975
2024-08-01,Silver Medal,1880464
2024-08-01,Bronze Medal,1953935
2024-08-01,Gold Medal,1972367
2024-08-01,Silver Medal,1552370
2024-08-01,Bronze Medal,1892957
2024-08-01,Bronze Medal,1565754
2024-08-01,Gold Medal,1925349
2024-08-01,Silver Medal,1892794
2024-08-01,Bronze Medal,1891067
2024-08-01,Bronze Medal,1943504
2024-08-01,Gold Medal,1913922
2024-08-01,Silver Medal,1555976
2024-08-01,Bronze Medal,1538084
2024-08-01,Gold Medal,1904977
2024-08-01,Silver Medal,1954557
2024-08-01,Bronze Medal,1977754
2024-08-01,Gold Medal,1935895
2024-08-01,Silver Medal,1962589
2024-08-01,Bronze Medal,1972525
2024-08-01,Gold Medal,1967140
2024-08-01,Silver Medal,1935984
2024-08-01,Bronze Medal,1945125
2024-08-02,Gold Medal,1970827
2024-08-02,Silver Medal,1536998
2024-08-02,Bronze Medal,1960959
2024-08-02,Gold Medal,1895661
2024-08-02,Silver Medal,1895640
2024-08-02,Bronze Medal,1895700
2024-08-02,Gold Medal,1940127
2024-08-02,Silver Medal,1969181
2024-08-02,Bronze Medal,1976480
2024-08-02,Gold Medal,1891323
2024-08-02,Silver Medal,1928072
2024-08-02,Bronze Medal,1567512
2024-08-02,Bronze Medal,1566931
2024-08-02,Gold Medal,1953777
2024-08-02,Silver Medal,1892796
2024-08-02,Bronze Medal,1928070
2024-08-02,Bronze Medal,1891300
2024-08-02,Gold Medal,1977709
2024-08-02,Silver Medal,1944373
2024-08-02,Bronze Medal,1913972
2024-08-02,Gold Medal,1909294
2024-08-02,Silver Medal,1903621
2024-08-02,Bronze Medal,1945186
2024-08-02,Gold Medal,1946161
2024-08-02,Silver Medal,1903616
2024-08-02,Bronze Medal,1909292
2024-08-02,Gold Medal,1946198
2024-08-02,Silver Medal,1935984
2024-08-02,Bronze Medal,1967104
2024-08-02,Bronze Medal,1931815
2024-08-02,Gold Medal,1937347
2024-08-02,Silver Medal,1918790
2024-08-02,Bronze Medal,1918789
2024-08-02,Gold Medal,1904745
2024-08-02,Silver Medal,1938437
2024-08-02,Bronze Medal,1973102
2024-08-03,Gold Medal,1902147
2024-08-03,Silver Medal,1902148
2024-08-03,Bronze Medal,1541265
2024-08-03,Gold Medal,1975874
2024-08-03,Silver Medal,1908195
2024-08-03,Bronze Medal,1904741
2024-08-03,Gold Medal,1539986
2024-08-03,Silver Medal,1931577
2024-08-03,Bronze Medal,1959865
2024-08-03,Gold Medal,1959861
2024-08-03,Silver Medal,1953634
2024-08-03,Bronze Medal,1959819
2024-08-03,Gold Medal,1878353
2024-08-03,Silver Medal,1920180
2024-08-03,Bronze Medal,1573388
2024-08-03,Gold Medal,1960688
2024-08-03,Silver Medal,1965246
2024-08-03,Bronze Medal,1564189
2024-08-03,Gold Medal,1537325
2024-08-03,Silver Medal,1960181
2024-08-03,Bronze Medal,1961011
2024-08-03,Gold Medal,1908333
2024-08-03,Silver Medal,1536885
2024-08-03,Bronze Medal,1965250
2024-08-03,Bronze Medal,1887970
2024-08-03,Bronze Medal,1952540
2024-08-03,Gold Medal,1903136
2024-08-03,Silver Medal,1895699
2024-08-03,Bronze Medal,1895694
2024-08-03,Gold Medal,1906515
2024-08-03,Silver Medal,1538160
2024-08-03,Bronze Medal,1965599
2024-08-03,Gold Medal,1965558
2024-08-03,Silver Medal,1927027
2024-08-03,Bronze Medal,1941956
2024-08-03,Gold Medal,1927680
2024-08-03,Silver Medal,1945982
2024-08-03,Bronze Medal,1970505
2024-08-03,Gold Medal,1899653
2024-08-03,Silver Medal,1927733
2024-08-03,Bronze Medal,1899748
2024-08-03,Gold Medal,1893995
2024-08-03,Silver Medal,1888429
2024-08-03,Bronze Medal,1899493
2024-08-03,Gold Medal,1944354
2024-08-03,Silver Medal,1944385
2024-08-03,Bronze Medal,1569852
2024-08-03,Gold Medal,1905860
2024-08-03,Silver Medal,1967069
2024-08-03,Bronze Medal,1967058
2024-08-03,Gold Medal,1967140
2024-08-03,Silver Medal,1935895
2024-08-03,Bronze Medal,1946198
2024-08-03,Gold Medal,1935938
2024-08-03,Silver Medal,1946150
2024-08-03,Bronze Medal,1935943
2024-08-03,Gold Medal,1902307
2024-08-03,Silver Medal,1902313
2024-08-03,Bronze Medal,1931100
2024-08-03,Bronze Medal,1562400
2024-08-03,Gold Medal,1927709
2024-08-03,Silver Medal,1554972
2024-08-04,Gold Medal,1902135
2024-08-04,Silver Medal,1955595
2024-08-04,Bronze Medal,1902144
2024-08-04,Gold Medal,1918856
2024-08-04,Silver Medal,1918865
2024-08-04,Bronze Medal,1961314
2024-08-04,Gold Medal,1975874
2024-08-04,Silver Medal,1915828
2024-08-04,Bronze Medal,1904740
2024-08-04,Gold Medal,1545688
2024-08-04,Silver Medal,1918872
2024-08-04,Bronze Medal,1959866
2024-08-04,Gold Medal,1960173
2024-08-04,Silver Medal,1980161
2024-08-04,Bronze Medal,1960958
2024-08-04,Gold Medal,1974151
2024-08-04,Silver Medal,1916814
2024-08-04,Bronze Medal,1571563
2024-08-04,Gold Medal,1571559
2024-08-04,Silver Medal,1939838
2024-08-04,Bronze Medal,1571577
2024-08-04,Bronze Medal,1939763
2024-08-04,Bronze Medal,1926315
2024-08-04,Bronze Medal,1908817
2024-08-04,Bronze Medal,1892464
2024-08-04,Bronze Medal,1972293
2024-08-04,Bronze Medal,1550184
2024-08-04,Bronze Medal,1943368
2024-08-04,Bronze Medal,1555548
2024-08-04,Bronze Medal,1934790
2024-08-04,Bronze Medal,1909011
2024-08-04,Bronze Medal,1980125
2024-08-04,Bronze Medal,1891890
2024-08-04,Gold Medal,1955081
2024-08-04,Silver Medal,1969165
2024-08-04,Bronze Medal,1903120
2024-08-04,Gold Medal,1914905
2024-08-04,Silver Medal,1914909
2024-08-04,Bronze Medal,1970905
2024-08-04,Gold Medal,1951724
2024-08-04,Silver Medal,1923629
2024-08-04,Bronze Medal,1961406
2024-08-04,Gold Medal,1937878
2024-08-04,Silver Medal,1977402
2024-08-04,Bronze Medal,1944397
2024-08-04,Gold Medal,1935902
2024-08-04,Silver Medal,1925630
2024-08-04,Bronze Medal,1539969
2024-08-04,Gold Medal,1572557
2024-08-04,Silver Medal,1946212
2024-08-04,Bronze Medal,1945125
2024-08-04,Gold Medal,1902295
2024-08-04,Silver Medal,1563390
2024-08-04,Bronze Medal,1889177
2024-08-04,Gold Medal,1956398
2024-08-04,Silver Medal,1563682
2024-08-05,Gold Medal,1919480
2024-08-05,Silver Medal,1935685
2024-08-05,Bronze Medal,1918864
2024-08-05,Bronze Medal,1878037
2024-08-05,Gold Medal,1918865
2024-08-05,Silver Medal,1897555
2024-08-05,Bronze Medal,1919480
2024-08-05,Gold Medal,1551061
2024-08-05,Silver Medal,1918881
2024-08-05,Bronze Medal,1560762
2024-08-05,Gold Medal,1953634
2024-08-05,Silver Medal,1959861
2024-08-05,Bronze Medal,1550170
2024-08-05,Gold Medal,1569203
2024-08-05,Silver Medal,1960178
2024-08-05,Bronze Medal,1961218
2024-08-05,Gold Medal,1910560
2024-08-05,Silver Medal,1910451
2024-08-05,Bronze Medal,1972105
2024-08-05,Gold Medal,1924429
2024-08-05,Silver Medal,1536498
2024-08-05,Bronze Medal,1928047
2024-08-05,Gold Medal,1960721
2024-08-05,Silver Medal,1919067
2024-08-05,Bronze Medal,1922205
2024-08-05,Gold Medal,1888993
2024-08-05,Silver Medal,1926294
2024-08-05,Bronze Medal,1566617
2024-08-05,Gold Medal,1891498
2024-08-05,Silver Medal,1913436
2024-08-05,Gold Medal,1945386
2024-08-05,Silver Medal,1896032
2024-08-05,Bronze Medal,1913780
2024-08-05,Gold Medal,1940209
2024-08-05,Silver Medal,1880483
2024-08-05,Bronze Medal,1896045
2024-08-05,Gold Medal,1913913
2024-08-05,Silver Medal,1893852
2024-08-05,Bronze Medal,1913919
2024-08-05,Gold Medal,1567361
2024-08-05,Silver Medal,1946129
2024-08-05,Bronze Medal,1955778
2024-08-05,Gold Medal,1943206
2024-08-05,Silver Medal,1955783
2024-08-05,Bronze Medal,1567359
2024-08-06,Gold Medal,1960933
2024-08-06,Silver Medal,1924440
2024-08-06,Bronze Medal,1965327
2024-08-06,Gold Medal,1961246
2024-08-06,Silver Medal,1938899
2024-08-06,Bronze Medal,1552378
2024-08-06,Gold Medal,1965868
2024-08-06,Silver Medal,1537325
2024-08-06,Bronze Medal,1960588
2024-08-06,Gold Medal,1926102
2024-08-06,Silver Medal,1971686
2024-08-06,Bronze Medal,1910453
2024-08-06,Gold Medal,1974290
2024-08-06,Silver Medal,1960899
2024-08-06,Bronze Medal,1919077
2024-08-06,Bronze Medal,1955645
2024-08-06,Bronze Medal,1912009
2024-08-06,Bronze Medal,1931331
2024-08-06,Bronze Medal,1979870
2024-08-06,Gold Medal,1555098
2024-08-06,Silver Medal,1926828
2024-08-06,Bronze Medal,1898283
2024-08-06,Bronze Medal,1887975
2024-08-06,Gold Medal,1901545
2024-08-06,Silver Medal,1901544
2024-08-06,Bronze Medal,1980115
2024-08-06,Gold Medal,1914912
2024-08-06,Silver Medal,1976553
2024-08-06,Bronze Medal,1976879
2024-08-06,Gold Medal,1946064
2024-08-06,Silver Medal,1902075
2024-08-06,Bronze Medal,1544123
2024-08-06,Gold Medal,1571506
2024-08-06,Silver Medal,1935199
2024-08-06,Bronze Medal,1544882
2024-08-06,Bronze Medal,1919983
2024-08-06,Gold Medal,1939713
2024-08-06,Silver Medal,1919973
2024-08-06,Bronze Medal,1566631
2024-08-06,Bronze Medal,1980153
2024-08-06,Gold Medal,1955304
2024-08-06,Silver Medal,1568241
2024-08-06,Bronze Medal,1570415
2024-08-06,Bronze Medal,1939709
2024-08-07,Gold Medal,1555372
2024-08-07,Silver Medal,1965896
2024-08-07,Bronze Medal,1910445
2024-08-07,Gold Medal,1960177
2024-08-07,Silver Medal,1924430
2024-08-07,Bronze Medal,1937531
2024-08-07,Gold Medal,1912322
2024-08-07,Silver Medal,1922593
2024-08-07,Bronze Medal,1939824
2024-08-07,Gold Medal,1939839
2024-08-07,Silver Medal,1965268
2024-08-07,Bronze Medal,1974216
2024-08-07,Bronze Medal,1895903
2024-08-07,Bronze Medal,1879120
2024-08-07,Gold Medal,1555537
2024-08-07,Silver Medal,1879111
2024-08-07,Gold Medal,1564362
2024-08-07,Silver Medal,1932824
2024-08-07,Bronze Medal,1568204
2024-08-07,Bronze Medal,1979904
2024-08-07,Gold Medal,1945990
2024-08-07,Silver Medal,1905347
2024-08-07,Bronze Medal,1944316
2024-08-07,Gold Medal,1970500
2024-08-07,Silver Medal,1895121
2024-08-07,Bronze Medal,1878602
2024-08-07,Gold Medal,1946074
2024-08-07,Silver Medal,1944247
2024-08-07,Bronze Medal,1955669
2024-08-07,Gold Medal,1563327
2024-08-07,Silver Medal,1913702
2024-08-07,Bronze Medal,1563321
2024-08-07,Gold Medal,1904040
2024-08-07,Silver Medal,1946883
2024-08-07,Bronze Medal,1893274
2024-08-07,Bronze Medal,1947736
2024-08-07,Gold Medal,1902841
2024-08-07,Silver Medal,1910372
2024-08-07,Bronze Medal,1536064
2024-08-07,Bronze Medal,1569986
2024-08-07,Gold Medal,1918372
2024-08-07,Silver Medal,1898059
2024-08-07,Bronze Medal,1917153
2024-08-07,Gold Medal,1918377
2024-08-07,Silver Medal,1550148
2024-08-07,Bronze Medal,1898024
2024-08-07,Gold Medal,1939692
2024-08-07,Silver Medal,1958652
2024-08-07,Bronze Medal,1532873
2024-08-07,Bronze Medal,1566627
2024-08-07,Gold Medal,1544897
2024-08-07,Silver Medal,1532872
2024-08-07,Bronze Medal,1571504
2024-08-07,Bronze Medal,1566601
2024-08-07,Gold Medal,1955373
2024-08-07,Silver Medal,1571747
2024-08-07,Bronze Medal,1939712
2024-08-07,Bronze Medal,1920000
2024-08-08,Gold Medal,1960961
2024-08-08,Silver Medal,1965223
2024-08-08,Bronze Medal,1901251
2024-08-08,Gold Medal,1936983
2024-08-08,Silver Medal,1960659
2024-08-08,Bronze Medal,1960173
2024-08-08,Gold Medal,1878563
2024-08-08,Silver Medal,1550250
2024-08-08,Bronze Medal,1573418
2024-08-08,Gold Medal,1965308
2024-08-08,Silver Medal,1960581
2024-08-08,Bronze Medal,1972078
2024-08-08,Gold Medal,1960711
2024-08-08,Silver Medal,1920175
2024-08-08,Bronze Medal,1965250
2024-08-08,Gold Medal,1556045
2024-08-08,Silver Medal,1879110
2024-08-08,Bronze Medal,1940136
2024-08-08,Bronze Medal,1555185
2024-08-08,Gold Medal,1926832
2024-08-08,Silver Medal,1568186
2024-08-08,Bronze Medal,1940134
2024-08-08,Bronze Medal,1894537
2024-08-08,Gold Medal,1895717
2024-08-08,Silver Medal,1933816
2024-08-08,Bronze Medal,1915370
2024-08-08,Gold Medal,1945040
2024-08-08,Silver Medal,1969180
2024-08-08,Bronze Medal,1912522
2024-08-08,Gold Medal,1901550
2024-08-08,Silver Medal,1901549
2024-08-08,Bronze Medal,1535349
2024-08-08,Gold Medal,1972515
2024-08-08,Silver Medal,1945588
2024-08-08,Bronze Medal,1925804
2024-08-08,Gold Medal,1899728
2024-08-08,Silver Medal,1559512
2024-08-08,Bronze Medal,1970517
2024-08-08,Gold Medal,1940329
2024-08-08,Silver Medal,1913699
2024-08-08,Bronze Medal,1950309
2024-08-08,Gold Medal,1887714
2024-08-08,Silver Medal,1537401
2024-08-08,Bronze Medal,1910367
2024-08-08,Bronze Medal,1955815
2024-08-08,Gold Medal,1904038
2024-08-08,Silver Medal,1536067
2024-08-08,Bronze Medal,1966505
2024-08-08,Bronze Medal,2493835
2024-08-08,Gold Medal,1941786
2024-08-08,Silver Medal,1898067
2024-08-08,Bronze Medal,1902787
2024-08-08,Gold Medal,1918379
2024-08-08,Silver Medal,1965815
2024-08-08,Bronze Medal,1569563
2024-08-08,Gold Medal,1544928
2024-08-08,Silver Medal,1550119
2024-08-08,Bronze Medal,1981760
2024-08-08,Bronze Medal,1571498
2024-08-08,Gold Medal,1559471
2024-08-08,Silver Medal,1544880
2024-08-08,Bronze Medal,1550116
2024-08-08,Bronze Medal,1879518
2024-08-08,Gold Medal,1939711
2024-08-08,Silver Medal,1960228
2024-08-08,Bronze Medal,1980149
2024-08-08,Bronze Medal,1920006
2024-08-09,Gold Medal,1960684
2024-08-09,Silver Medal,1894095
2024-08-09,Bronze Medal,1951913
2024-08-09,Gold Medal,1904099
2024-08-09,Silver Medal,1938792
2024-08-09,Bronze Medal,1552375
2024-08-09,Gold Medal,1910560
2024-08-09,Silver Medal,1552305
2024-08-09,Bronze Medal,1972105
2024-08-09,Gold Medal,1899666
2024-08-09,Silver Medal,1915338
2024-08-09,Bronze Medal,1573098
2024-08-09,Gold Medal,1920183
2024-08-09,Silver Medal,1926695
2024-08-09,Bronze Medal,1919065
2024-08-09,Gold Medal,1556797
2024-08-09,Silver Medal,1535187
2024-08-09,Gold Medal,1556860
2024-08-09,Silver Medal,1972343
2024-08-09,Gold Medal,1926833
2024-08-09,Silver Medal,1568182
2024-08-09,Gold Medal,1540353
2024-08-09,Silver Medal,1926827
2024-08-09,Gold Medal,1953038
2024-08-09,Silver Medal,1924559
2024-08-09,Bronze Medal,1909907
2024-08-09,Gold Medal,1878716
2024-08-09,Silver Medal,1952595
2024-08-09,Bronze Medal,1550295
2024-08-09,Gold Medal,1969182
2024-08-09,Silver Medal,1940263
2024-08-09,Bronze Medal,1912515
2024-08-09,Gold Medal,1901538
2024-08-09,Silver Medal,1940414
2024-08-09,Bronze Medal,1901539
2024-08-09,Gold Medal,1909030
2024-08-09,Silver Medal,1907234
2024-08-09,Bronze Medal,1902450
2024-08-09,Gold Medal,1566437
2024-08-09,Silver Medal,1981549
2024-08-09,Bronze Medal,1535852
2024-08-09,Gold Medal,1544218
2024-08-09,Silver Medal,1892022
2024-08-09,Bronze Medal,1560677
2024-08-09,Gold Medal,1947737
2024-08-09,Silver Medal,1536058
2024-08-09,Bronze Medal,1929685
2024-08-09,Bronze Medal,1914832
2024-08-09,Gold Medal,1572318
2024-08-09,Silver Medal,1956372
2024-08-09,Bronze Medal,1930773
2024-08-09,Bronze Medal,1903284
2024-08-09,Gold Medal,1903011
2024-08-09,Silver Medal,1543506
2024-08-09,Bronze Medal,1568724
2024-08-09,Gold Medal,1917154
2024-08-09,Silver Medal,1543509
2024-08-09,Bronze Medal,1940300
2024-08-09,Gold Medal,1939714
2024-08-09,Silver Medal,1955415
2024-08-09,Bronze Medal,1931496
2024-08-09,Bronze Medal,1562157
2024-08-09,Gold Medal,1556873
2024-08-09,Silver Medal,1544803
2024-08-09,Bronze Medal,1955300
2024-08-09,Bronze Medal,1963800
2024-08-09,Gold Medal,1939710
2024-08-09,Silver Medal,1572203
2024-08-09,Bronze Medal,1955426
2024-08-09,Bronze Medal,1920010
2024-08-10,Gold Medal,1898250
2024-08-10,Silver Medal,1963077
2024-08-10,Bronze Medal,1960959
2024-08-10,Gold Medal,1910412
2024-08-10,Silver Medal,1974048
2024-08-10,Bronze Medal,1963520
2024-08-10,Gold Medal,1926713
2024-08-10,Silver Medal,1965306
2024-08-10,Bronze Medal,1566681
2024-08-10,Gold Medal,1901284
2024-08-10,Silver Medal,1942753
2024-08-10,Bronze Medal,1910555
2024-08-10,Gold Medal,1960169
2024-08-10,Silver Medal,1911932
2024-08-10,Bronze Medal,1537183
2024-08-10,Gold Medal,1910451
2024-08-10,Silver Medal,1939795
2024-08-10,Bronze Medal,1956840
2024-08-10,Gold Medal,1919914
2024-08-10,Silver Medal,1981085
2024-08-10,Bronze Medal,1892137
2024-08-10,Gold Medal,1556869
2024-08-10,Silver Medal,1934775
2024-08-10,Gold Medal,1556049
2024-08-10,Silver Medal,1878687
2024-08-10,Gold Medal,1887963
2024-08-10,Silver Medal,1568655
2024-08-10,Gold Medal,1926826
2024-08-10,Silver Medal,1965679
2024-08-10,Gold Medal,1958888
2024-08-10,Silver Medal,1880191
2024-08-10,Bronze Medal,1955590
2024-08-10,Gold Medal,1878715
2024-08-10,Silver Medal,1570863
2024-08-10,Bronze Medal,1569972
2024-08-10,Gold Medal,1964547
2024-08-10,Silver Medal,1955126
2024-08-10,Bronze Medal,1564506
2024-08-10,Gold Medal,1945383
2024-08-10,Silver Medal,1568350
2024-08-10,Bronze Medal,1892423
2024-08-10,Gold Medal,1901556
2024-08-10,Silver Medal,1891685
2024-08-10,Bronze Medal,1900857
2024-08-10,Gold Medal,1939553
2024-08-10,Silver Medal,1892506
2024-08-10,Bronze Medal,1913218
2024-08-10,Gold Medal,1932649
2024-08-10,Silver Medal,1887939
2024-08-10,Bronze Medal,1553031
2024-08-10,Gold Medal,1981131
2024-08-10,Silver Medal,1950307
2024-08-10,Bronze Medal,1560673
2024-08-10,Gold Medal,1536045
2024-08-10,Silver Medal,1896149
2024-08-10,Bronze Medal,1897088
2024-08-10,Bronze Medal,1548401
2024-08-10,Gold Medal,1893272
2024-08-10,Silver Medal,1887768
2024-08-10,Bronze Medal,1904039
2024-08-10,Bronze Medal,1566738
2024-08-10,Gold Medal,1551443
2024-08-10,Silver Medal,1544424
2024-08-10,Bronze Medal,1540334
2024-08-10,Gold Medal,1918369
2024-08-10,Silver Medal,1551307
2024-08-10,Bronze Medal,1569832
2024-08-10,Gold Medal,1878625
2024-08-10,Silver Medal,1563010
2024-08-10,Bronze Medal,1940308
2024-08-10,Gold Medal,1554885
2024-08-10,Silver Medal,1543088
2024-08-10,Bronze Medal,1570546
2024-08-10,Bronze Medal,1947172
2024-08-10,Gold Medal,1562164
2024-08-10,Silver Medal,1939708
2024-08-10,Bronze Medal,1955345
2024-08-10,Bronze Medal,3429662
2024-08-10,Gold Medal,1939702
2024-08-10,Silver Medal,1897022
2024-08-10,Bronze Medal,1902786
2024-08-10,Bronze Medal,1878635
2024-08-11,Gold Medal,1972105
2024-08-11,Silver Medal,1901487
2024-08-11,Bronze Medal,1932851
2024-08-11,Gold Medal,1969182
2024-08-11,Silver Medal,1940263
2024-08-11,Bronze Medal,1940262
2024-08-11,Gold Medal,1955106
2024-08-11,Silver Medal,1572953
2024-08-11,Bronze Medal,1945080
2024-08-11,Gold Medal,1945040
2024-08-11,Silver Medal,1889704
2024-08-11,Bronze Medal,1912522
2024-08-11,Gold Medal,1936619
2024-08-11,Silver Medal,1545116
2024-08-11,Bronze Medal,1786902
2024-08-11,Gold Medal,1918376
2024-08-11,Silver Medal,1894414
2024-08-11,Bronze Medal,1544179
2024-08-11,Gold Medal,1939700
2024-08-11,Silver Medal,1544830
2024-08-11,Bronze Medal,1537188
2024-08-11,Bronze Medal,1559387
2024-08-11,Gold Medal,1540305
2024-08-11,Silver Medal,1552495
2024-08-11,Bronze Medal,1981785
2024-08-11,Bronze Medal,1543095
2024-08-11,Gold Medal,1939701
2024-08-11,Silver Medal,1955344
2024-08-11,Bronze Medal,1571936
2024-08-11,Bronze Medal,1535513
2024-08-09,Gold Medal,1896230
2024-08-09,Silver Medal,1548948
2024-08-09,Bronze Medal,1923694
2024-08-09,Gold Medal,1903112
2024-08-09,Silver Medal,1977926
2024-08-09,Bronze Medal,1895596
2024-07-27,Gold Medal,1901539
2024-07-27,Gold Medal,1901538
2024-07-27,Silver Medal,1954159
2024-07-27,Silver Medal,1954168
2024-07-27,Bronze Medal,1900841
2024-07-27,Bronze Medal,1973355
2024-07-27,Gold Medal,1879682
2024-07-27,Gold Medal,1879687
2024-07-27,Gold Medal,1879683
2024-07-27,Gold Medal,1879671
2024-07-27,Gold Medal,1879681
2024-07-27,Gold Medal,1879684
2024-07-27,Gold Medal,1879675
2024-07-27,Gold Medal,1879692
2024-07-27,Gold Medal,1879672
2024-07-27,Gold Medal,1879661
2024-07-27,Gold Medal,1879669
2024-07-27,Gold Medal,1879685
2024-07-27,Gold Medal,1879670
2024-07-27,Silver Medal,1908897
2024-07-27,Silver Medal,1908838
2024-07-27,Silver Medal,1913346
2024-07-27,Silver Medal,1977633
2024-07-27,Silver Medal,1913523
2024-07-27,Silver Medal,1982069
2024-07-27,Silver Medal,1913286
2024-07-27,Silver Medal,1913334
2024-07-27,Silver Medal,1908911
2024-07-27,Silver Medal,1908835
2024-07-27,Silver Medal,1908841
2024-07-27,Silver Medal,2484588
2024-07-27,Silver Medal,1982687
2024-07-27,Silver Medal,1908901
2024-07-27,Bronze Medal,1574106
2024-07-27,Bronze Medal,1574107
2024-07-27,Bronze Medal,1574108
2024-07-27,Bronze Medal,1574109
2024-07-27,Bronze Medal,1888936
2024-07-27,Bronze Medal,1574111
2024-07-27,Bronze Medal,1574134
2024-07-27,Bronze Medal,1888932
2024-07-27,Bronze Medal,1574114
2024-07-27,Bronze Medal,1574121
2024-07-27,Bronze Medal,1574118
2024-07-27,Bronze Medal,1574119
2024-07-27,Bronze Medal,1574112
2024-07-27,Gold Medal,1913945
2024-07-27,Gold Medal,1913899
2024-07-27,Silver Medal,1893896
2024-07-27,Silver Medal,1893976
2024-07-27,Bronze Medal,1930466
2024-07-27,Bronze Medal,1930467
2024-07-27,Gold Medal,1935916
2024-07-27,Gold Medal,1935933
2024-07-27,Gold Medal,1935871
2024-07-27,Gold Medal,1935896
2024-07-27,Gold Medal,1935869
2024-07-27,Gold Medal,1935911
2024-07-27,Silver Medal,1946186
2024-07-27,Silver Medal,1946235
2024-07-27,Silver Medal,1946179
2024-07-27,Silver Medal,1946200
2024-07-27,Silver Medal,1946196
2024-07-27,Bronze Medal,1925669
2024-07-27,Bronze Medal,1925681
2024-07-27,Bronze Medal,1925675
2024-07-27,Bronze Medal,1925634
2024-07-27,Bronze Medal,1925635
2024-07-27,Bronze Medal,1925636
2024-07-27,Gold Medal,1946221
2024-07-27,Gold Medal,1946159
2024-07-27,Gold Medal,1946212
2024-07-27,Gold Medal,1946177
2024-07-27,Gold Medal,1946227
2024-07-27,Gold Medal,1946218
2024-07-27,Silver Medal,1935860
2024-07-27,Silver Medal,1935945
2024-07-27,Silver Medal,1935879
2024-07-27,Silver Medal,1935895
2024-07-27,Silver Medal,1935923
2024-07-27,Silver Medal,1935998
2024-07-27,Bronze Medal,1945230
2024-07-27,Bronze Medal,1945206
2024-07-27,Bronze Medal,1945164
2024-07-27,Bronze Medal,1945159
2024-07-27,Bronze Medal,1945125
2024-07-28,Gold Medal,1902121
2024-07-28,Gold Medal,1902147
2024-07-28,Gold Medal,1902148
2024-07-28,Silver Medal,1913382
2024-07-28,Silver Medal,1913372
2024-07-28,Silver Medal,1913380
2024-07-28,Bronze Medal,1535429
2024-07-28,Bronze Medal,1535420
2024-07-28,Bronze Medal,1536479
2024-07-29,Gold Medal,1902130
2024-07-29,Gold Medal,1902135
2024-07-29,Gold Medal,1902144
2024-07-29,Silver Medal,1541270
2024-07-29,Silver Medal,1541272
2024-07-29,Silver Medal,1541275
2024-07-29,Bronze Medal,1565000
2024-07-29,Bronze Medal,1565002
2024-07-29,Bronze Medal,1565006
2024-07-29,Gold Medal,1919492
2024-07-29,Gold Medal,1919491
2024-07-29,Gold Medal,1919480
2024-07-29,Gold Medal,1919479
2024-07-29,Gold Medal,1919490
2024-07-29,Silver Medal,1918856
2024-07-29,Silver Medal,1918858
2024-07-29,Silver Medal,1918860
2024-07-29,Silver Medal,1918864
2024-07-29,Silver Medal,1918865
2024-07-29,Bronze Medal,1959781
2024-07-29,Bronze Medal,1959855
2024-07-29,Bronze Medal,1959823
2024-07-29,Bronze Medal,1959865
2024-07-29,Bronze Medal,1959811
2024-07-29,Gold Medal,1901555
2024-07-29,Gold Medal,1901554
2024-07-29,Silver Medal,1900838
2024-07-29,Silver Medal,1900857
2024-07-29,Bronze Medal,1959146
2024-07-29,Bronze Medal,1959132
2024-07-29,Gold Medal,1970917
2024-07-29,Gold Medal,1970898
2024-07-29,Gold Medal,1970892
2024-07-29,Gold Medal,1970912
2024-07-29,Silver Medal,1899846
2024-07-29,Silver Medal,1899847
2024-07-29,Silver Medal,1899866
2024-07-29,Silver Medal,1899848
2024-07-29,Bronze Medal,1946432
2024-07-29,Bronze Medal,1946434
2024-07-29,Bronze Medal,1946438
2024-07-29,Bronze Medal,1946428
2024-07-30,Gold Medal,1959861
2024-07-30,Gold Medal,1959819
2024-07-30,Gold Medal,1959825
2024-07-30,Gold Medal,1959866
2024-07-30,Gold Medal,1959814
2024-07-30,Silver Medal,1560761
2024-07-30,Silver Medal,1551061
2024-07-30,Silver Medal,1560762
2024-07-30,Silver Medal,1560760
2024-07-30,Silver Medal,1560759
2024-07-30,Bronze Medal,1953634
2024-07-30,Bronze Medal,1953624
2024-07-30,Bronze Medal,1953630
2024-07-30,Bronze Medal,1953620
2024-07-30,Bronze Medal,1953626
2024-07-30,Gold Medal,1924585
2024-07-30,Gold Medal,1924588
2024-07-30,Gold Medal,1924587
2024-07-30,Gold Medal,1924586
2024-07-30,Silver Medal,1916182
2024-07-30,Silver Medal,1916183
2024-07-30,Silver Medal,1916184
2024-07-30,Silver Medal,1916185
2024-07-30,Bronze Medal,1894213
2024-07-30,Bronze Medal,1894214
2024-07-30,Bronze Medal,1894223
2024-07-30,Bronze Medal,1894217
2024-07-30,Gold Medal,1926596
2024-07-30,Gold Medal,1926667
2024-07-30,Gold Medal,1926592
2024-07-30,Gold Medal,1926629
2024-07-30,Gold Medal,1926632
2024-07-30,Gold Medal,1926635
2024-07-30,Gold Medal,1926644
2024-07-30,Gold Medal,1926676
2024-07-30,Gold Medal,1926634
2024-07-30,Gold Medal,1926647
2024-07-30,Gold Medal,1926646
2024-07-30,Gold Medal,1926593
2024-07-30,Silver Medal,1960779
2024-07-30,Silver Medal,1960762
2024-07-30,Silver Medal,1960778
2024-07-30,Silver Medal,1960797
2024-07-30,Silver Medal,1960781
2024-07-30,Silver Medal,1960837
2024-07-30,Silver Medal,1960826
2024-07-30,Silver Medal,1960812
2024-07-30,Silver Medal,1960822
2024-07-30,Silver Medal,1960765
2024-07-30,Silver Medal,1960803
2024-07-30,Silver Medal,1960834
2024-07-30,Silver Medal,1960817
2024-07-30,Silver Medal,1960832
2024-07-30,Bronze Medal,1950500
2024-07-30,Bronze Medal,1950498
2024-07-30,Bronze Medal,1950485
2024-07-30,Bronze Medal,1950504
2024-07-30,Bronze Medal,1950494
2024-07-30,Bronze Medal,1950487
2024-07-30,Bronze Medal,1950505
2024-07-30,Bronze Medal,1950502
2024-07-30,Bronze Medal,1950499
2024-07-30,Bronze Medal,1950501
2024-07-30,Bronze Medal,1950496
2024-07-30,Bronze Medal,1950495
2024-07-30,Gold Medal,1956347
2024-07-30,Gold Medal,1956356
2024-07-30,Silver Medal,1564886
2024-07-30,Silver Medal,1564893
2024-07-30,Bronze Medal,1538159
2024-07-30,Bronze Medal,1545464
2024-07-30,Gold Medal,1903552
2024-07-30,Gold Medal,1903602
2024-07-30,Gold Medal,1903531
2024-07-30,Gold Medal,1903546
2024-07-30,Gold Medal,1903617
2024-07-30,Gold Medal,1903621
2024-07-30,Silver Medal,1935931
2024-07-30,Silver Medal,1935887
2024-07-30,Silver Medal,1935968
2024-07-30,Silver Medal,1935911
2024-07-30,Silver Medal,1935903
2024-07-30,Silver Medal,1935918
2024-07-30,Silver Medal,1935982
2024-07-30,Bronze Medal,1946196
2024-07-30,Bronze Medal,1946237
2024-07-30,Bronze Medal,1946179
2024-07-30,Bronze Medal,1946231
2024-07-30,Bronze Medal,1946211
2024-07-30,Bronze Medal,1946172
2024-07-30,Gold Medal,1902301
2024-07-30,Gold Medal,1902313
2024-07-30,Silver Medal,1980143
2024-07-30,Silver Medal,1980142
2024-07-30,Bronze Medal,1936429
2024-07-30,Bronze Medal,1936435
2024-07-31,Gold Medal,1901544
2024-07-31,Gold Medal,1901545
2024-07-31,Silver Medal,1980116
2024-07-31,Silver Medal,1980115
2024-07-31,Bronze Medal,1900855
2024-07-31,Bronze Medal,1900856
2024-07-31,Gold Medal,1927116
2024-07-31,Gold Medal,1927149
2024-07-31,Gold Medal,1927151
2024-07-31,Gold Medal,1927115
2024-07-31,Silver Medal,1946361
2024-07-31,Silver Medal,1946565
2024-07-31,Silver Medal,1946558
2024-07-31,Silver Medal,1946444
2024-07-31,Bronze Medal,1916230
2024-07-31,Bronze Medal,1916231
2024-07-31,Bronze Medal,1916232
2024-07-31,Bronze Medal,1916234
2024-07-31,Gold Medal,1965580
2024-07-31,Gold Medal,1965600
2024-07-31,Gold Medal,1965586
2024-07-31,Gold Medal,1965584
2024-07-31,Silver Medal,1547863
2024-07-31,Silver Medal,1560781
2024-07-31,Silver Medal,1547871
2024-07-31,Silver Medal,1947115
2024-07-31,Bronze Medal,1928529
2024-07-31,Bronze Medal,1928520
2024-07-31,Bronze Medal,1928551
2024-07-31,Bronze Medal,1928530
2024-07-31,Gold Medal,1901074
2024-07-31,Gold Medal,1901091
2024-07-31,Gold Medal,1901027
2024-07-31,Gold Medal,1901039
2024-07-31,Silver Medal,1965563
2024-07-31,Silver Medal,1965565
2024-07-31,Silver Medal,1965572
2024-07-31,Silver Medal,1965573
2024-07-31,Bronze Medal,1906511
2024-07-31,Bronze Medal,1906506
2024-07-31,Bronze Medal,1906494
2024-07-31,Bronze Medal,1906483
2024-08-01,Gold Medal,1950643
2024-08-01,Gold Medal,1950611
2024-08-01,Gold Medal,1950584
2024-08-01,Gold Medal,1950659
2024-08-01,Silver Medal,1924276
2024-08-01,Silver Medal,1924277
2024-08-01,Silver Medal,1924275
2024-08-01,Silver Medal,1924279
2024-08-01,Bronze Medal,1896544
2024-08-01,Bronze Medal,1896545
2024-08-01,Bronze Medal,1896517
2024-08-01,Bronze Medal,1896535
2024-08-01,Gold Medal,1551186
2024-08-01,Gold Medal,1551238
2024-08-01,Silver Medal,1965589
2024-08-01,Silver Medal,1965588
2024-08-01,Bronze Medal,1544454
2024-08-01,Bronze Medal,1543317
2024-08-01,Gold Medal,1944727
2024-08-01,Gold Medal,1944631
2024-08-01,Gold Medal,1944681
2024-08-01,Gold Medal,1944652
2024-08-01,Silver Medal,1927001
2024-08-01,Silver Medal,1927020
2024-08-01,Silver Medal,1927019
2024-08-01,Silver Medal,1926991
2024-08-01,Bronze Medal,1901100
2024-08-01,Bronze Medal,1901026
2024-08-01,Bronze Medal,1901025
2024-08-01,Bronze Medal,1901050
2024-08-01,Gold Medal,1927028
2024-08-01,Gold Medal,1927024
2024-08-01,Silver Medal,1550303
2024-08-01,Silver Medal,1550560
2024-08-01,Bronze Medal,1901075
2024-08-01,Bronze Medal,1901099
2024-08-01,Gold Medal,1965560
2024-08-01,Gold Medal,1965567
2024-08-01,Gold Medal,1965566
2024-08-01,Gold Medal,1965557
2024-08-01,Silver Medal,1901028
2024-08-01,Silver Medal,1901037
2024-08-01,Silver Medal,1901086
2024-08-01,Silver Medal,1901092
2024-08-01,Bronze Medal,1926998
2024-08-01,Bronze Medal,1927007
2024-08-01,Bronze Medal,1927003
2024-08-01,Bronze Medal,1926999
2024-08-01,Gold Medal,1946201
2024-08-01,Gold Medal,1946188
2024-08-01,Gold Medal,1946157
2024-08-01,Gold Medal,1946227
2024-08-01,Gold Medal,1946218
2024-08-01,Gold Medal,1946150
2024-08-01,Silver Medal,1935967
2024-08-01,Silver Medal,1935907
2024-08-01,Silver Medal,1935945
2024-08-01,Silver Medal,1935979
2024-08-01,Silver Medal,1935938
2024-08-01,Silver Medal,1935943
2024-08-01,Silver Medal,1936000
2024-08-01,Bronze Medal,1945224
2024-08-01,Bronze Medal,1945222
2024-08-01,Bronze Medal,1945171
2024-08-01,Bronze Medal,1945223
2024-08-01,Bronze Medal,1945169
2024-08-01,Bronze Medal,1945159
2024-08-02,Gold Medal,1902147
2024-08-02,Gold Medal,1902135
2024-08-02,Silver Medal,1553258
2024-08-02,Silver Medal,1553249
2024-08-02,Bronze Medal,1955601
2024-08-02,Bronze Medal,1955595
2024-08-02,Gold Medal,1913418
2024-08-02,Gold Medal,1913432
2024-08-02,Silver Medal,1891507
2024-08-02,Silver Medal,1891502
2024-08-02,Bronze Medal,1541614
2024-08-02,Bronze Medal,1541619
2024-08-02,Gold Medal,1901551
2024-08-02,Gold Medal,1901549
2024-08-02,Silver Medal,1536197
2024-08-02,Silver Medal,1535349
2024-08-02,Bronze Medal,1900840
2024-08-02,Bronze Medal,1900848
2024-08-02,Gold Medal,1970891
2024-08-02,Gold Medal,1970896
2024-08-02,Gold Medal,1979168
2024-08-02,Gold Medal,1970925
2024-08-02,Silver Medal,1951875
2024-08-02,Silver Medal,1951819
2024-08-02,Silver Medal,1951840
2024-08-02,Silver Medal,1951802
2024-08-02,Bronze Medal,1899865
2024-08-02,Bronze Medal,1899843
2024-08-02,Bronze Medal,1899845
2024-08-02,Bronze Medal,1899856
2024-08-02,Gold Medal,1946450
2024-08-02,Gold Medal,1946370
2024-08-02,Gold Medal,1946278
2024-08-02,Gold Medal,1946379
2024-08-02,Silver Medal,1896548
2024-08-02,Silver Medal,1896554
2024-08-02,Silver Medal,1896549
2024-08-02,Silver Medal,1896538
2024-08-02,Bronze Medal,1914523
2024-08-02,Bronze Medal,1914535
2024-08-02,Bronze Medal,1914540
2024-08-02,Bronze Medal,1914531
2024-08-02,Gold Medal,1543322
2024-08-02,Gold Medal,1572444
2024-08-02,Silver Medal,1547870
2024-08-02,Silver Medal,1547873
2024-08-02,Bronze Medal,1977132
2024-08-02,Bronze Medal,1977153
2024-08-02,Gold Medal,1901048
2024-08-02,Gold Medal,1901071
2024-08-02,Silver Medal,1550661
2024-08-02,Silver Medal,1550384
2024-08-02,Bronze Medal,1977101
2024-08-02,Bronze Medal,1977159
2024-08-02,Gold Medal,1916685
2024-08-02,Gold Medal,1921490
2024-08-02,Silver Medal,1901101
2024-08-02,Silver Medal,1901066
2024-08-02,Bronze Medal,1977804
2024-08-02,Bronze Medal,1976556
2024-08-02,Gold Medal,1965559
2024-08-02,Gold Medal,1965556
2024-08-02,Silver Medal,1550789
2024-08-02,Silver Medal,1550289
2024-08-02,Bronze Medal,1945670
2024-08-02,Bronze Medal,1945644
2024-08-02,Gold Medal,1959270
2024-08-02,Gold Medal,1959294
2024-08-02,Silver Medal,1918833
2024-08-02,Silver Medal,1918834
2024-08-02,Bronze Medal,1950366
2024-08-02,Bronze Medal,1950381
2024-08-02,Gold Medal,1970495
2024-08-02,Gold Medal,1970514
2024-08-02,Silver Medal,1564653
2024-08-02,Silver Medal,1564657
2024-08-02,Bronze Medal,1559558
2024-08-02,Bronze Medal,1559559
2024-08-02,Gold Medal,1901342
2024-08-02,Gold Medal,1901333
2024-08-02,Silver Medal,1927719
2024-08-02,Silver Medal,1927704
2024-08-02,Bronze Medal,1972627
2024-08-02,Bronze Medal,1972646
2024-08-03,Gold Medal,1972116
2024-08-03,Gold Medal,1972234
2024-08-03,Gold Medal,1972078
2024-08-03,Gold Medal,1972115
2024-08-03,Gold Medal,1972240
2024-08-03,Gold Medal,1972077
2024-08-03,Silver Medal,1960590
2024-08-03,Silver Medal,1960111
2024-08-03,Silver Medal,4979564
2024-08-03,Silver Medal,1960650
2024-08-03,Silver Medal,1960179
2024-08-03,Silver Medal,4979557
2024-08-03,Bronze Medal,1924406
2024-08-03,Bronze Medal,1924426
2024-08-03,Bronze Medal,1956844
2024-08-03,Bronze Medal,1956853
2024-08-03,Bronze Medal,1924383
2024-08-03,Bronze Medal,1956846
2024-08-03,Bronze Medal,1924464
2024-08-03,Bronze Medal,1924506
2024-08-03,Bronze Medal,1924509
2024-08-03,Gold Medal,1913438
2024-08-03,Gold Medal,1913439
2024-08-03,Silver Medal,1913441
2024-08-03,Silver Medal,1913442
2024-08-03,Bronze Medal,1541630
2024-08-03,Bronze Medal,1541629
2024-08-03,Gold Medal,1914905
2024-08-03,Gold Medal,1914936
2024-08-03,Gold Medal,1914909
2024-08-03,Gold Medal,1914907
2024-08-03,Silver Medal,1892359
2024-08-03,Silver Medal,1892363
2024-08-03,Silver Medal,1892358
2024-08-03,Silver Medal,1892364
2024-08-03,Bronze Medal,1970905
2024-08-03,Bronze Medal,1970910
2024-08-03,Bronze Medal,1970921
2024-08-03,Bronze Medal,1970907
2024-08-03,Gold Medal,1897644
2024-08-03,Gold Medal,1897638
2024-08-03,Gold Medal,1897637
2024-08-03,Gold Medal,1897633
2024-08-03,Silver Medal,1927158
2024-08-03,Silver Medal,1927123
2024-08-03,Silver Medal,1927113
2024-08-03,Silver Medal,1927122
2024-08-03,Bronze Medal,1896542
2024-08-03,Bronze Medal,1896519
2024-08-03,Bronze Medal,1896541
2024-08-03,Bronze Medal,1896522
2024-08-03,Gold Medal,1891280
2024-08-03,Gold Medal,1891283
2024-08-03,Gold Medal,1891286
2024-08-03,Gold Medal,1891289
2024-08-03,Gold Medal,1891292
2024-08-03,Gold Medal,1891300
2024-08-03,Gold Medal,1891297
2024-08-03,Gold Medal,1891311
2024-08-03,Gold Medal,1891307
2024-08-03,Gold Medal,1891304
2024-08-03,Gold Medal,1891314
2024-08-03,Gold Medal,1891318
2024-08-03,Gold Medal,1891320
2024-08-03,Gold Medal,1891323
2024-08-03,Silver Medal,1896760
2024-08-03,Silver Medal,1896733
2024-08-03,Silver Medal,1896735
2024-08-03,Silver Medal,1896744
2024-08-03,Silver Medal,1896767
2024-08-03,Silver Medal,1896762
2024-08-03,Silver Medal,1896743
2024-08-03,Silver Medal,1896763
2024-08-03,Silver Medal,1896740
2024-08-03,Silver Medal,1896752
2024-08-03,Silver Medal,1896750
2024-08-03,Silver Medal,1896765
2024-08-03,Silver Medal,1896748
2024-08-03,Silver Medal,1896764
2024-08-03,Bronze Medal,1953817
2024-08-03,Bronze Medal,1953835
2024-08-03,Bronze Medal,1953812
2024-08-03,Bronze Medal,1953777
2024-08-03,Bronze Medal,1953781
2024-08-03,Bronze Medal,1953840
2024-08-03,Bronze Medal,1953832
2024-08-03,Bronze Medal,1953799
2024-08-03,Bronze Medal,1953816
2024-08-03,Bronze Medal,1953836
2024-08-03,Bronze Medal,1928067
2024-08-03,Bronze Medal,1940097
2024-08-03,Bronze Medal,1940098
2024-08-03,Bronze Medal,1928071
2024-08-03,Bronze Medal,1928070
2024-08-03,Bronze Medal,1928082
2024-08-03,Bronze Medal,1928064
2024-08-03,Bronze Medal,1928074
2024-08-03,Bronze Medal,1928066
2024-08-03,Bronze Medal,1928079
2024-08-03,Bronze Medal,1928072
2024-08-03,Gold Medal,1901045
2024-08-03,Gold Medal,1901068
2024-08-03,Gold Medal,1901036
2024-08-03,Gold Medal,1901051
2024-08-03,Gold Medal,1901062
2024-08-03,Gold Medal,1901056
2024-08-03,Gold Medal,1901089
2024-08-03,Gold Medal,1901064
2024-08-03,Gold Medal,1901041
2024-08-03,Silver Medal,1965596
2024-08-03,Silver Medal,1965587
2024-08-03,Silver Medal,1965601
2024-08-03,Silver Medal,1965592
2024-08-03,Silver Medal,1965583
2024-08-03,Silver Medal,1965548
2024-08-03,Silver Medal,1965597
2024-08-03,Silver Medal,1965581
2024-08-03,Silver Medal,1965562
2024-08-03,Bronze Medal,1944696
2024-08-03,Bronze Medal,1944757
2024-08-03,Bronze Medal,1944764
2024-08-03,Bronze Medal,1944660
2024-08-03,Bronze Medal,1944642
2024-08-03,Bronze Medal,1944646
2024-08-03,Bronze Medal,1944625
2024-08-03,Bronze Medal,1944747
2024-08-03,Bronze Medal,1944731
2024-08-03,Gold Medal,1550630
2024-08-03,Gold Medal,1550289
2024-08-03,Gold Medal,1550303
2024-08-03,Gold Medal,1550437
2024-08-03,Gold Medal,1550285
2024-08-03,Gold Medal,1550294
2024-08-03,Gold Medal,1550789
2024-08-03,Gold Medal,1550560
2024-08-03,Gold Medal,1550542
2024-08-03,Silver Medal,1967522
2024-08-03,Silver Medal,4031142
2024-08-03,Silver Medal,1967515
2024-08-03,Silver Medal,1967511
2024-08-03,Silver Medal,1967530
2024-08-03,Silver Medal,1967517
2024-08-03,Silver Medal,1967528
2024-08-03,Silver Medal,1967508
2024-08-03,Silver Medal,1967514
2024-08-03,Bronze Medal,1901079
2024-08-03,Bronze Medal,1901080
2024-08-03,Bronze Medal,1901059
2024-08-03,Bronze Medal,1901065
2024-08-03,Bronze Medal,1901077
2024-08-03,Bronze Medal,1901094
2024-08-03,Bronze Medal,1901096
2024-08-03,Bronze Medal,1901044
2024-08-03,Bronze Medal,1901063
2024-08-03,Gold Medal,1935984
2024-08-03,Gold Medal,1935992
2024-08-03,Gold Medal,1935896
2024-08-03,Gold Medal,1935860
2024-08-03,Gold Medal,1935901
2024-08-03,Gold Medal,1935923
2024-08-03,Gold Medal,1935957
2024-08-03,Gold Medal,1935998
2024-08-03,Silver Medal,1945132
2024-08-03,Silver Medal,1945200
2024-08-03,Silver Medal,1945125
2024-08-03,Silver Medal,1945148
2024-08-03,Silver Medal,1945128
2024-08-03,Silver Medal,1945159
2024-08-03,Bronze Medal,1946183
2024-08-03,Bronze Medal,1946185
2024-08-03,Bronze Medal,1946177
2024-08-03,Bronze Medal,1946200
2024-08-03,Bronze Medal,1946198
2024-08-03,Bronze Medal,1946218
2024-08-03,Bronze Medal,1946209
2024-08-03,Bronze Medal,1946195
2024-08-03,Gold Medal,1967767
2024-08-03,Gold Medal,1967762
2024-08-03,Silver Medal,1930790
2024-08-03,Silver Medal,1930804
2024-08-03,Bronze Medal,1930782
2024-08-03,Bronze Medal,1930801
2024-08-04,Gold Medal,1570107
2024-08-04,Gold Medal,1570105
2024-08-04,Silver Medal,1913424
2024-08-04,Silver Medal,1913429
2024-08-04,Bronze Medal,1566564
2024-08-04,Bronze Medal,1569961
2024-08-04,Gold Medal,1896550
2024-08-04,Gold Medal,1896532
2024-08-04,Gold Medal,1896553
2024-08-04,Gold Medal,1896551
2024-08-04,Silver Medal,1924291
2024-08-04,Silver Medal,1924289
2024-08-04,Silver Medal,1924287
2024-08-04,Silver Medal,1924290
2024-08-04,Bronze Medal,1916213
2024-08-04,Bronze Medal,1916215
2024-08-04,Bronze Medal,1916216
2024-08-04,Bronze Medal,1916217
2024-08-04,Gold Medal,1945132
2024-08-04,Gold Medal,1945128
2024-08-04,Gold Medal,1945149
2024-08-04,Gold Medal,1945148
2024-08-04,Gold Medal,1945127
2024-08-04,Silver Medal,1935871
2024-08-04,Silver Medal,1935992
2024-08-04,Silver Medal,1935915
2024-08-04,Silver Medal,1935869
2024-08-04,Silver Medal,1935896
2024-08-04,Silver Medal,1935901
2024-08-04,Silver Medal,1935957
2024-08-04,Bronze Medal,1909299
2024-08-04,Bronze Medal,1909294
2024-08-04,Bronze Medal,1909307
2024-08-04,Bronze Medal,1909278
2024-08-04,Bronze Medal,1909284
2024-08-04,Bronze Medal,1909292
2024-08-04,Gold Medal,1935873
2024-08-04,Gold Medal,1935999
2024-08-04,Gold Medal,1935979
2024-08-04,Gold Medal,1935895
2024-08-04,Gold Medal,1935923
2024-08-04,Gold Medal,1935932
2024-08-04,Gold Medal,1935984
2024-08-04,Gold Medal,1935998
2024-08-04,Silver Medal,1946183
2024-08-04,Silver Medal,1946174
2024-08-04,Silver Medal,1946146
2024-08-04,Silver Medal,1946212
2024-08-04,Silver Medal,1946177
2024-08-04,Silver Medal,1946198
2024-08-04,Silver Medal,1946218
2024-08-04,Silver Medal,1946190
2024-08-04,Bronze Medal,1945157
2024-08-04,Bronze Medal,1945200
2024-08-04,Bronze Medal,1945164
2024-08-04,Bronze Medal,1945206
2024-08-04,Bronze Medal,1945202
2024-08-04,Bronze Medal,1945159
2024-08-04,Bronze Medal,1945125
2024-08-04,Gold Medal,1562409
2024-08-04,Gold Medal,1910330
2024-08-04,Silver Medal,1979734
2024-08-04,Silver Medal,1979732
2024-08-04,Bronze Medal,1563687
2024-08-04,Bronze Medal,1563681
2024-08-05,Gold Medal,1970800
2024-08-05,Gold Medal,1970792
2024-08-05,Gold Medal,1970796
2024-08-05,Gold Medal,1970797
2024-08-05,Silver Medal,1568595
2024-08-05,Silver Medal,1568603
2024-08-05,Silver Medal,1568606
2024-08-05,Silver Medal,1568608
2024-08-05,Bronze Medal,1943480
2024-08-05,Bronze Medal,1943486
2024-08-05,Bronze Medal,1943471
2024-08-05,Bronze Medal,1943515
2024-08-05,Gold Medal,1898807
2024-08-05,Gold Medal,1898816
2024-08-05,Gold Medal,1898835
2024-08-05,Gold Medal,1898870
2024-08-05,Silver Medal,1958461
2024-08-05,Silver Medal,1958573
2024-08-05,Silver Medal,1958504
2024-08-05,Silver Medal,1958475
2024-08-05,Bronze Medal,1954736
2024-08-05,Bronze Medal,1954768
2024-08-05,Bronze Medal,1954785
2024-08-05,Bronze Medal,1954738
2024-08-05,Gold Medal,1957082
2024-08-05,Gold Medal,1912522
2024-08-05,Gold Medal,1912514
2024-08-05,Gold Medal,1912564
2024-08-05,Silver Medal,1945040
2024-08-05,Silver Medal,1945068
2024-08-05,Silver Medal,1945035
2024-08-05,Silver Medal,1945038
2024-08-05,Bronze Medal,1889702
2024-08-05,Bronze Medal,1889704
2024-08-05,Bronze Medal,1889703
2024-08-05,Bronze Medal,1889705
2024-08-05,Gold Medal,1915325
2024-08-05,Gold Medal,1915333
2024-08-05,Silver Medal,1944397
2024-08-05,Silver Medal,1944354
2024-08-05,Bronze Medal,1913978
2024-08-05,Bronze Medal,1961747
2024-08-05,Gold Medal,1558780
2024-08-05,Gold Medal,1558784
2024-08-05,Gold Medal,1558775
2024-08-05,Gold Medal,1558773
2024-08-05,Silver Medal,1930750
2024-08-05,Silver Medal,1930752
2024-08-05,Silver Medal,1930747
2024-08-05,Silver Medal,1930739
2024-08-05,Bronze Medal,1904251
2024-08-05,Bronze Medal,1904248
2024-08-05,Bronze Medal,1904232
2024-08-05,Bronze Medal,1904244
2024-08-06,Gold Medal,1969218
2024-08-06,Gold Medal,1969182
2024-08-06,Gold Medal,1969203
2024-08-06,Gold Medal,1969204
2024-08-06,Silver Medal,1912515
2024-08-06,Silver Medal,1912568
2024-08-06,Silver Medal,1912536
2024-08-06,Silver Medal,1912567
2024-08-06,Bronze Medal,1940262
2024-08-06,Bronze Medal,1940263
2024-08-06,Bronze Medal,1940260
2024-08-06,Bronze Medal,1940267
2024-08-07,Gold Medal,1908847
2024-08-07,Gold Medal,1908846
2024-08-07,Gold Medal,1908853
2024-08-07,Gold Medal,1908850
2024-08-07,Gold Medal,1908852
2024-08-07,Gold Medal,1908855
2024-08-07,Gold Medal,1908854
2024-08-07,Gold Medal,1908851
2024-08-07,Gold Medal,1908848
2024-08-07,Silver Medal,1943038
2024-08-07,Silver Medal,1943040
2024-08-07,Silver Medal,1943042
2024-08-07,Silver Medal,1943043
2024-08-07,Silver Medal,1943044
2024-08-07,Silver Medal,1943046
2024-08-07,Silver Medal,1943048
2024-08-07,Silver Medal,1943049
2024-08-07,Silver Medal,1943045
2024-08-07,Bronze Medal,1954818
2024-08-07,Bronze Medal,1954815
2024-08-07,Bronze Medal,1954814
2024-08-07,Bronze Medal,1954819
2024-08-07,Bronze Medal,1954816
2024-08-07,Bronze Medal,1954813
2024-08-07,Bronze Medal,1954811
2024-08-07,Bronze Medal,1954809
2024-08-07,Bronze Medal,1954817
2024-08-07,Gold Medal,1904165
2024-08-07,Gold Medal,1905369
2024-08-07,Silver Medal,1929767
2024-08-07,Silver Medal,1930407
2024-08-07,Bronze Medal,1939848
2024-08-07,Bronze Medal,1939791
2024-08-07,Gold Medal,1940264
2024-08-07,Gold Medal,1940258
2024-08-07,Gold Medal,1940265
2024-08-07,Gold Medal,1940253
2024-08-07,Gold Medal,1940256
2024-08-07,Silver Medal,1912571
2024-08-07,Silver Medal,1912575
2024-08-07,Silver Medal,1912510
2024-08-07,Silver Medal,1912560
2024-08-07,Silver Medal,1957081
2024-08-07,Silver Medal,1912557
2024-08-07,Bronze Medal,1923518
2024-08-07,Bronze Medal,1923520
2024-08-07,Bronze Medal,1923517
2024-08-07,Bronze Medal,1923529
2024-08-07,Bronze Medal,1923521
2024-08-07,Gold Medal,1955077
2024-08-07,Gold Medal,1955080
2024-08-07,Gold Medal,1955081
2024-08-07,Gold Medal,1955106
2024-08-07,Gold Medal,1955108
2024-08-07,Gold Medal,1955079
2024-08-07,Silver Medal,1945056
2024-08-07,Silver Medal,1945080
2024-08-07,Silver Medal,1945081
2024-08-07,Silver Medal,1945061
2024-08-07,Silver Medal,1945066
2024-08-07,Bronze Medal,1912519
2024-08-07,Bronze Medal,1912507
2024-08-07,Bronze Medal,1912532
2024-08-07,Bronze Medal,1912538
2024-08-07,Bronze Medal,1957083
2024-08-07,Bronze Medal,1912508
2024-08-08,Gold Medal,1927393
2024-08-08,Gold Medal,1927392
2024-08-08,Silver Medal,1548871
2024-08-08,Silver Medal,1548868
2024-08-08,Bronze Medal,1954023
2024-08-08,Bronze Medal,1953996
2024-08-08,Gold Medal,1913740
2024-08-08,Gold Medal,1913736
2024-08-08,Gold Medal,1913746
2024-08-08,Gold Medal,1913737
2024-08-08,Silver Medal,1940222
2024-08-08,Silver Medal,1940221
2024-08-08,Silver Medal,1940217
2024-08-08,Silver Medal,1940220
2024-08-08,Bronze Medal,1953992
2024-08-08,Bronze Medal,1953983
2024-08-08,Bronze Medal,1954051
2024-08-08,Bronze Medal,1954008
2024-08-08,Gold Medal,1945383
2024-08-08,Gold Medal,1945378
2024-08-08,Gold Medal,1945392
2024-08-08,Gold Medal,1945375
2024-08-08,Silver Medal,1913800
2024-08-08,Silver Medal,1913749
2024-08-08,Silver Medal,1913793
2024-08-08,Silver Medal,1913743
2024-08-08,Bronze Medal,1570556
2024-08-08,Bronze Medal,1568745
2024-08-08,Bronze Medal,1568350
2024-08-08,Bronze Medal,1568750
2024-08-08,Bronze Medal,1974002
2024-08-08,Bronze Medal,1970338
2024-08-08,Bronze Medal,1966721
2024-08-08,Bronze Medal,1965671
2024-08-08,Bronze Medal,1974721
2024-08-08,Bronze Medal,1965956
2024-08-08,Bronze Medal,1967241
2024-08-08,Bronze Medal,1966630
2024-08-08,Bronze Medal,1970731
2024-08-08,Bronze Medal,1965995
2024-08-08,Bronze Medal,1965809
2024-08-08,Bronze Medal,1965515
2024-08-08,Bronze Medal,1966539
2024-08-08,Bronze Medal,1966919
2024-08-08,Bronze Medal,1967172
2024-08-08,Bronze Medal,1966639
2024-08-08,Bronze Medal,1966642
2024-08-08,Bronze Medal,1966624
2024-08-08,Bronze Medal,1967053
2024-08-08,Gold Medal,1971941
2024-08-08,Gold Medal,1971905
2024-08-08,Gold Medal,1971929
2024-08-08,Gold Medal,1971922
2024-08-08,Gold Medal,1971917
2024-08-08,Gold Medal,1971904
2024-08-08,Gold Medal,1971921
2024-08-08,Gold Medal,1971911
2024-08-08,Gold Medal,1971976
2024-08-08,Gold Medal,1971980
2024-08-08,Gold Medal,1971934
2024-08-08,Gold Medal,1971909
2024-08-08,Gold Medal,1971956
2024-08-08,Gold Medal,1971932
2024-08-08,Gold Medal,1971910
2024-08-08,Gold Medal,1971963
2024-08-08,Gold Medal,1971968
2024-08-08,Gold Medal,1971952
2024-08-08,Silver Medal,1561321
2024-08-08,Silver Medal,1561319
2024-08-08,Silver Medal,1561323
2024-08-08,Silver Medal,1561318
2024-08-08,Silver Medal,1561325
2024-08-08,Silver Medal,1561362
2024-08-08,Silver Medal,1561360
2024-08-08,Silver Medal,1561365
2024-08-08,Silver Medal,1561316
2024-08-08,Silver Medal,1561413
2024-08-08,Silver Medal,1561322
2024-08-08,Silver Medal,1561381
2024-08-08,Silver Medal,1561320
2024-08-08,Silver Medal,1561324
2024-08-08,Silver Medal,1561377
2024-08-08,Silver Medal,1561374
2024-08-08,Silver Medal,1561386
2024-08-08,Silver Medal,1561402
2024-08-08,Bronze Medal,1543019
2024-08-08,Bronze Medal,1543026
2024-08-08,Bronze Medal,1543059
2024-08-08,Bronze Medal,1543020
2024-08-08,Bronze Medal,1543033
2024-08-08,Bronze Medal,1543061
2024-08-08,Bronze Medal,1543022
2024-08-08,Bronze Medal,1543017
2024-08-08,Bronze Medal,1543028
2024-08-08,Bronze Medal,1543015
2024-08-08,Bronze Medal,1543064
2024-08-08,Bronze Medal,1543024
2024-08-08,Bronze Medal,1543029
2024-08-08,Bronze Medal,1543031
2024-08-08,Bronze Medal,1543021
2024-08-08,Bronze Medal,1543030
2024-08-08,Gold Medal,1566451
2024-08-08,Gold Medal,1566447
2024-08-08,Silver Medal,1941435
2024-08-08,Silver Medal,1941438
2024-08-08,Bronze Medal,1564652
2024-08-08,Bronze Medal,1564651
2024-08-08,Gold Medal,1899650
2024-08-08,Gold Medal,1899647
2024-08-08,Silver Medal,1538041
2024-08-08,Silver Medal,1538028
2024-08-08,Bronze Medal,1918835
2024-08-08,Bronze Medal,1918832
2024-08-09,Gold Medal,1974038
2024-08-09,Gold Medal,1974049
2024-08-09,Gold Medal,1974065
2024-08-09,Gold Medal,1974072
2024-08-09,Gold Medal,1974096
2024-08-09,Gold Medal,1974289
2024-08-09,Silver Medal,1981059
2024-08-09,Silver Medal,4343340
2024-08-09,Silver Medal,1981060
2024-08-09,Silver Medal,1981055
2024-08-09,Silver Medal,4339445
2024-08-09,Bronze Medal,1924439
2024-08-09,Bronze Medal,3557190
2024-08-09,Bronze Medal,1924431
2024-08-09,Bronze Medal,1924442
2024-08-09,Bronze Medal,1924457
2024-08-09,Gold Medal,1960709
2024-08-09,Gold Medal,1960115
2024-08-09,Gold Medal,1961011
2024-08-09,Gold Medal,1960181
2024-08-09,Gold Medal,1965942
2024-08-09,Gold Medal,1965868
2024-08-09,Silver Medal,1924384
2024-08-09,Silver Medal,1956843
2024-08-09,Silver Medal,1924432
2024-08-09,Silver Medal,1924446
2024-08-09,Silver Medal,1924460
2024-08-09,Silver Medal,1924507
2024-08-09,Bronze Medal,1920096
2024-08-09,Bronze Medal,1920119
2024-08-09,Bronze Medal,1920142
2024-08-09,Bronze Medal,1920164
2024-08-09,Bronze Medal,1920169
2024-08-09,Gold Medal,1964058
2024-08-09,Gold Medal,1964088
2024-08-09,Silver Medal,1967340
2024-08-09,Silver Medal,1967346
2024-08-09,Bronze Medal,1976570
2024-08-09,Bronze Medal,1976465
2024-08-09,Gold Medal,1913746
2024-08-09,Gold Medal,1913736
2024-08-09,Silver Medal,1570441
2024-08-09,Silver Medal,1570845
2024-08-09,Bronze Medal,1940218
2024-08-09,Bronze Medal,1940223
2024-08-09,Gold Medal,1927382
2024-08-09,Gold Medal,1927383
2024-08-09,Silver Medal,1897153
2024-08-09,Silver Medal,1897155
2024-08-09,Bronze Medal,1964583
2024-08-09,Bronze Medal,1964547
2024-08-09,Gold Medal,1945383
2024-08-09,Gold Medal,1945378
2024-08-09,Silver Medal,1568350
2024-08-09,Silver Medal,1568750
2024-08-09,Bronze Medal,1913800
2024-08-09,Bronze Medal,1913749
2024-08-09,Bronze Medal,1570556
2024-08-09,Bronze Medal,1568745
2024-08-09,Gold Medal,1923042
2024-08-09,Gold Medal,1923048
2024-08-09,Silver Medal,1912519
2024-08-09,Silver Medal,1912507
2024-08-09,Bronze Medal,1969170
2024-08-09,Bronze Medal,1969173
2024-08-09,Gold Medal,1942296
2024-08-09,Gold Medal,1942269
2024-08-09,Gold Medal,1942241
2024-08-09,Gold Medal,1942076
2024-08-09,Gold Medal,1942056
2024-08-09,Gold Medal,1942037
2024-08-09,Gold Medal,1942222
2024-08-09,Gold Medal,1942301
2024-08-09,Gold Medal,1942280
2024-08-09,Gold Medal,1942033
2024-08-09,Gold Medal,1942221
2024-08-09,Gold Medal,1942259
2024-08-09,Gold Medal,1942077
2024-08-09,Gold Medal,1942257
2024-08-09,Gold Medal,1942099
2024-08-09,Gold Medal,1942039
2024-08-09,Gold Medal,1942089
2024-08-09,Gold Medal,1942256
2024-08-09,Gold Medal,1942248
2024-08-09,Gold Medal,1942289
2024-08-09,Gold Medal,1942046
2024-08-09,Gold Medal,1942104
2024-08-09,Silver Medal,1900695
2024-08-09,Silver Medal,1900683
2024-08-09,Silver Medal,1900718
2024-08-09,Silver Medal,4669223
2024-08-09,Silver Medal,1900709
2024-08-09,Silver Medal,1900672
2024-08-09,Silver Medal,1900699
2024-08-09,Silver Medal,1900626
2024-08-09,Silver Medal,1900668
2024-08-09,Silver Medal,1900674
2024-08-09,Silver Medal,1900653
2024-08-09,Silver Medal,1900694
2024-08-09,Silver Medal,1900644
2024-08-09,Silver Medal,3549727
2024-08-09,Silver Medal,1900682
2024-08-09,Silver Medal,1900702
2024-08-09,Silver Medal,1900684
2024-08-09,Silver Medal,1900641
2024-08-09,Silver Medal,1900690
2024-08-09,Silver Medal,1900651
2024-08-09,Silver Medal,1900680
2024-08-09,Bronze Medal,1880591
2024-08-09,Bronze Medal,1880576
2024-08-09,Bronze Medal,1880566
2024-08-09,Bronze Medal,1880606
2024-08-09,Bronze Medal,1880595
2024-08-09,Bronze Medal,1880574
2024-08-09,Bronze Medal,1880572
2024-08-09,Bronze Medal,1880581
2024-08-09,Bronze Medal,1880584
2024-08-09,Bronze Medal,1880573
2024-08-09,Bronze Medal,1880564
2024-08-09,Bronze Medal,1880602
2024-08-09,Bronze Medal,1880565
2024-08-09,Bronze Medal,1880609
2024-08-09,Bronze Medal,1880575
2024-08-09,Bronze Medal,1880592
2024-08-09,Bronze Medal,1880583
2024-08-09,Bronze Medal,1880610
2024-08-09,Bronze Medal,1880571
2024-08-09,Bronze Medal,1880578
2024-08-09,Gold Medal,1971974
2024-08-09,Gold Medal,1971927
2024-08-09,Gold Medal,1971955
2024-08-09,Gold Medal,1971960
2024-08-09,Gold Medal,1971978
2024-08-09,Gold Medal,1971940
2024-08-09,Gold Medal,1971948
2024-08-09,Gold Medal,1971903
2024-08-09,Gold Medal,1971975
2024-08-09,Gold Medal,1971945
2024-08-09,Gold Medal,1971950
2024-08-09,Gold Medal,1971919
2024-08-09,Gold Medal,1971942
2024-08-09,Gold Medal,1971965
2024-08-09,Gold Medal,1971973
2024-08-09,Gold Medal,1971958
2024-08-09,Gold Medal,1971923
2024-08-09,Silver Medal,1926915
2024-08-09,Silver Medal,1926896
2024-08-09,Silver Medal,1926914
2024-08-09,Silver Medal,1926920
2024-08-09,Silver Medal,1926893
2024-08-09,Silver Medal,1926908
2024-08-09,Silver Medal,1926901
2024-08-09,Silver Medal,1926909
2024-08-09,Silver Medal,1926894
2024-08-09,Silver Medal,1926923
2024-08-09,Silver Medal,1926898
2024-08-09,Silver Medal,1926895
2024-08-09,Silver Medal,1926926
2024-08-09,Silver Medal,1926912
2024-08-09,Silver Medal,1926922
2024-08-09,Silver Medal,1926910
2024-08-09,Silver Medal,1926916
2024-08-09,Bronze Medal,1538304
2024-08-09,Bronze Medal,1538274
2024-08-09,Bronze Medal,1538294
2024-08-09,Bronze Medal,1538253
2024-08-09,Bronze Medal,1538244
2024-08-09,Bronze Medal,1538276
2024-08-09,Bronze Medal,1538266
2024-08-09,Bronze Medal,1538295
2024-08-09,Bronze Medal,1538299
2024-08-09,Bronze Medal,1538261
2024-08-09,Bronze Medal,1538305
2024-08-09,Bronze Medal,1538262
2024-08-09,Bronze Medal,1538263
2024-08-09,Bronze Medal,1538260
2024-08-09,Bronze Medal,1538277
2024-08-09,Bronze Medal,1900397
2024-08-09,Gold Medal,1902295
2024-08-09,Gold Medal,1902300
2024-08-09,Gold Medal,1902301
2024-08-09,Silver Medal,1563381
2024-08-09,Silver Medal,1563386
2024-08-09,Silver Medal,1563390
2024-08-09,Bronze Medal,1889178
2024-08-09,Bronze Medal,1889176
2024-08-09,Bronze Medal,1889177
2024-08-09,Bronze Medal,1917987
2024-08-09,Bronze Medal,1917988
2024-08-09,Bronze Medal,1917991
2024-08-09,Bronze Medal,1917993
2024-08-09,Bronze Medal,1918000
2024-08-09,Bronze Medal,1918002
2024-08-09,Bronze Medal,1918003
2024-08-09,Bronze Medal,1917982
2024-08-09,Bronze Medal,1918007
2024-08-09,Bronze Medal,1918009
2024-08-09,Bronze Medal,1918011
2024-08-09,Bronze Medal,1918012
2024-08-09,Bronze Medal,1917994
2024-08-10,Gold Medal,1908852
2024-08-10,Gold Medal,1908853
2024-08-10,Silver Medal,1544151
2024-08-10,Silver Medal,1980935
2024-08-10,Bronze Medal,1972513
2024-08-10,Bronze Medal,1972512
2024-08-10,Gold Medal,1960604
2024-08-10,Gold Medal,1960684
2024-08-10,Gold Medal,1960590
2024-08-10,Gold Medal,1960177
2024-08-10,Gold Medal,1965202
2024-08-10,Gold Medal,1965289
2024-08-10,Gold Medal,1960111
2024-08-10,Gold Medal,4979564
2024-08-10,Silver Medal,4975921
2024-08-10,Silver Medal,1950939
2024-08-10,Silver Medal,1950897
2024-08-10,Silver Medal,1951506
2024-08-10,Silver Medal,1950918
2024-08-10,Silver Medal,1936983
2024-08-10,Bronze Medal,1924406
2024-08-10,Bronze Medal,1924409
2024-08-10,Bronze Medal,4663897
2024-08-10,Bronze Medal,1924426
2024-08-10,Bronze Medal,1924430
2024-08-10,Bronze Medal,1956853
2024-08-10,Bronze Medal,1924402
2024-08-10,Gold Medal,1960650
2024-08-10,Gold Medal,4979555
2024-08-10,Gold Medal,1960984
2024-08-10,Gold Medal,1961016
2024-08-10,Gold Medal,1960909
2024-08-10,Gold Medal,1960179
2024-08-10,Gold Medal,1965308
2024-08-10,Gold Medal,1965868
2024-08-10,Silver Medal,1972078
2024-08-10,Silver Medal,1972288
2024-08-10,Silver Medal,1972115
2024-08-10,Silver Medal,1972240
2024-08-10,Silver Medal,1972248
2024-08-10,Silver Medal,4980004
2024-08-10,Silver Medal,1972251
2024-08-10,Bronze Medal,1924383
2024-08-10,Bronze Medal,1924437
2024-08-10,Bronze Medal,1956846
2024-08-10,Bronze Medal,1924464
2024-08-10,Bronze Medal,1924463
2024-08-10,Bronze Medal,1924470
2024-08-10,Bronze Medal,1924506
2024-08-10,Bronze Medal,1924509
2024-08-10,Gold Medal,1954698
2024-08-10,Gold Medal,1954701
2024-08-10,Gold Medal,1954714
2024-08-10,Gold Medal,1954700
2024-08-10,Gold Medal,1954724
2024-08-10,Gold Medal,1954705
2024-08-10,Gold Medal,1954684
2024-08-10,Gold Medal,1954683
2024-08-10,Gold Medal,1954709
2024-08-10,Gold Medal,1954688
2024-08-10,Gold Medal,1954699
2024-08-10,Gold Medal,1954687
2024-08-10,Silver Medal,1573636
2024-08-10,Silver Medal,1573628
2024-08-10,Silver Medal,1573627
2024-08-10,Silver Medal,1573638
2024-08-10,Silver Medal,1573640
2024-08-10,Silver Medal,1573632
2024-08-10,Silver Medal,1573630
2024-08-10,Silver Medal,1573634
2024-08-10,Silver Medal,1573633
2024-08-10,Silver Medal,1573639
2024-08-10,Silver Medal,1573660
2024-08-10,Silver Medal,1573642
2024-08-10,Bronze Medal,1948421
2024-08-10,Bronze Medal,1948420
2024-08-10,Bronze Medal,1948413
2024-08-10,Bronze Medal,1948404
2024-08-10,Bronze Medal,1948416
2024-08-10,Bronze Medal,1948407
2024-08-10,Bronze Medal,1948411
2024-08-10,Bronze Medal,1948417
2024-08-10,Bronze Medal,1948408
2024-08-10,Bronze Medal,1948405
2024-08-10,Bronze Medal,1948402
2024-08-10,Bronze Medal,1948418
2024-08-10,Gold Medal,1934586
2024-08-10,Gold Medal,1934579
2024-08-10,Silver Medal,1562864
2024-08-10,Silver Medal,1562868
2024-08-10,Bronze Medal,1878383
2024-08-10,Bronze Medal,1878386
2024-08-10,Gold Medal,1933816
2024-08-10,Gold Medal,1933821
2024-08-10,Silver Medal,1923518
2024-08-10,Silver Medal,1923519
2024-08-10,Bronze Medal,1879180
2024-08-10,Bronze Medal,1879160
2024-08-10,Gold Medal,1943575
2024-08-10,Gold Medal,1943553
2024-08-10,Gold Medal,1943542
2024-08-10,Gold Medal,1943555
2024-08-10,Gold Medal,1943580
2024-08-10,Gold Medal,1943566
2024-08-10,Gold Medal,1943588
2024-08-10,Gold Medal,1943596
2024-08-10,Gold Medal,1943591
2024-08-10,Gold Medal,1943558
2024-08-10,Gold Medal,1943586
2024-08-10,Gold Medal,1943550
2024-08-10,Gold Medal,1943576
2024-08-10,Gold Medal,1943587
2024-08-10,Gold Medal,1943585
2024-08-10,Gold Medal,1943567
2024-08-10,Gold Medal,1943547
2024-08-10,Gold Medal,1943574
2024-08-10,Gold Medal,4665325
2024-08-10,Gold Medal,1943569
2024-08-10,Silver Medal,1967608
2024-08-10,Silver Medal,1967575
2024-08-10,Silver Medal,1967629
2024-08-10,Silver Medal,1967625
2024-08-10,Silver Medal,1967616
2024-08-10,Silver Medal,1967626
2024-08-10,Silver Medal,1967602
2024-08-10,Silver Medal,1967635
2024-08-10,Silver Medal,1967574
2024-08-10,Silver Medal,1967617
2024-08-10,Silver Medal,1967599
2024-08-10,Silver Medal,1967630
2024-08-10,Silver Medal,1967636
2024-08-10,Silver Medal,1967612
2024-08-10,Silver Medal,1967628
2024-08-10,Silver Medal,1967594
2024-08-10,Silver Medal,1967565
2024-08-10,Silver Medal,1967593
2024-08-10,Silver Medal,1967623
2024-08-10,Silver Medal,1967567
2024-08-10,Silver Medal,1967606
2024-08-10,Silver Medal,1967607
2024-08-10,Gold Medal,1878514
2024-08-10,Gold Medal,1878518
2024-08-10,Gold Medal,1878496
2024-08-10,Gold Medal,1878486
2024-08-10,Gold Medal,1878515
2024-08-10,Gold Medal,1878492
2024-08-10,Gold Medal,1878516
2024-08-10,Gold Medal,1878511
2024-08-10,Gold Medal,1878493
2024-08-10,Gold Medal,1878509
2024-08-10,Gold Medal,1878501
2024-08-10,Gold Medal,1878487
2024-08-10,Gold Medal,1878500
2024-08-10,Gold Medal,1878495
2024-08-10,Gold Medal,1878490
2024-08-10,Silver Medal,1879834
2024-08-10,Silver Medal,1879845
2024-08-10,Silver Medal,1879853
2024-08-10,Silver Medal,1879854
2024-08-10,Silver Medal,1879842
2024-08-10,Silver Medal,1879856
2024-08-10,Silver Medal,1879826
2024-08-10,Silver Medal,1879830
2024-08-10,Silver Medal,1879839
2024-08-10,Silver Medal,1893824
2024-08-10,Silver Medal,1879831
2024-08-10,Silver Medal,1879846
2024-08-10,Silver Medal,1879847
2024-08-10,Silver Medal,1879836
2024-08-10,Silver Medal,1946320
2024-08-10,Silver Medal,1879835
2024-08-10,Silver Medal,1879851
2024-08-10,Bronze Medal,1895245
2024-08-10,Bronze Medal,1895210
2024-08-10,Bronze Medal,1895215
2024-08-10,Bronze Medal,1895159
2024-08-10,Bronze Medal,1895232
2024-08-10,Bronze Medal,1895250
2024-08-10,Bronze Medal,1895246
2024-08-10,Bronze Medal,1895168
2024-08-10,Bronze Medal,1895224
2024-08-10,Bronze Medal,1895214
2024-08-10,Bronze Medal,1895187
2024-08-10,Bronze Medal,1895213
2024-08-10,Bronze Medal,1895152
2024-08-10,Bronze Medal,1895226
2024-08-10,Bronze Medal,1895166
2024-08-10,Gold Medal,1902307
2024-08-10,Gold Medal,1902313
2024-08-10,Gold Medal,1902314
2024-08-10,Silver Medal,1931100
2024-08-10,Silver Medal,1931098
2024-08-10,Silver Medal,1931101
2024-08-10,Bronze Medal,1936435
2024-08-10,Bronze Medal,1936419
2024-08-10,Bronze Medal,1936425
2024-08-10,Gold Medal,1574049
2024-08-10,Gold Medal,1574045
2024-08-10,Gold Medal,1574055
2024-08-10,Gold Medal,1574057
2024-08-10,Gold Medal,1574048
2024-08-10,Gold Medal,1574061
2024-08-10,Gold Medal,1574041
2024-08-10,Gold Medal,1574067
2024-08-10,Gold Medal,1574046
2024-08-10,Gold Medal,1574058
2024-08-10,Gold Medal,1574060
2024-08-10,Gold Medal,1574065
2024-08-10,Gold Medal,1574043
2024-08-10,Silver Medal,1902882
2024-08-10,Silver Medal,1902890
2024-08-10,Silver Medal,1902892
2024-08-10,Silver Medal,1902902
2024-08-10,Silver Medal,1902893
2024-08-10,Silver Medal,1902886
2024-08-10,Silver Medal,1902901
2024-08-10,Silver Medal,1902910
2024-08-10,Silver Medal,1902881
2024-08-10,Silver Medal,1902869
2024-08-10,Silver Medal,1902875
2024-08-10,Silver Medal,1902880
2024-08-10,Silver Medal,1902870
2024-08-10,Bronze Medal,1964076
2024-08-10,Bronze Medal,1964152
2024-08-10,Bronze Medal,1964140
2024-08-10,Bronze Medal,1964180
2024-08-10,Bronze Medal,1964167
2024-08-10,Bronze Medal,1964169
2024-08-10,Bronze Medal,1964094
2024-08-10,Bronze Medal,1964065
2024-08-10,Bronze Medal,1964063
2024-08-10,Bronze Medal,1964106
2024-08-10,Bronze Medal,1964183
2024-08-10,Bronze Medal,1964136
2024-08-10,Bronze Medal,1964151
2024-08-10,Gold Medal,1954878
2024-08-10,Gold Medal,1954897
2024-08-10,Gold Medal,1954877
2024-08-10,Gold Medal,1954893
2024-08-10,Gold Medal,1954895
2024-08-10,Gold Medal,1954875
2024-08-10,Gold Medal,1954900
2024-08-10,Gold Medal,1954894
2024-08-10,Gold Medal,1954880
2024-08-10,Gold Medal,1954874
2024-08-10,Gold Medal,1954881
2024-08-10,Gold Medal,1954886
2024-08-10,Gold Medal,1954903
2024-08-10,Silver Medal,1947514
2024-08-10,Silver Medal,1947523
2024-08-10,Silver Medal,1947513
2024-08-10,Silver Medal,1947506
2024-08-10,Silver Medal,1947540
2024-08-10,Silver Medal,1947497
2024-08-10,Silver Medal,1947508
2024-08-10,Silver Medal,1947541
2024-08-10,Silver Medal,1947546
2024-08-10,Silver Medal,1947498
2024-08-10,Silver Medal,1947528
2024-08-10,Silver Medal,1947512
2024-08-10,Silver Medal,1947515
2024-08-10,Bronze Medal,1968845
2024-08-10,Bronze Medal,1968848
2024-08-10,Bronze Medal,1968857
2024-08-10,Bronze Medal,1968858
2024-08-10,Bronze Medal,1968860
2024-08-10,Bronze Medal,1968855
2024-08-10,Bronze Medal,1968851
2024-08-10,Bronze Medal,1968847
2024-08-10,Bronze Medal,1968856
2024-08-10,Bronze Medal,1968850
2024-08-10,Bronze Medal,1968854
2024-08-10,Bronze Medal,1968853
2024-08-10,Bronze Medal,1968846
2024-08-11,Gold Medal,1954742
2024-08-11,Gold Medal,1954748
2024-08-11,Gold Medal,1954739
2024-08-11,Gold Medal,1954730
2024-08-11,Gold Medal,1954734
2024-08-11,Gold Medal,1954757
2024-08-11,Gold Medal,1954752
2024-08-11,Gold Medal,1954729
2024-08-11,Gold Medal,1954753
2024-08-11,Gold Medal,1954758
2024-08-11,Gold Medal,1954754
2024-08-11,Gold Medal,1954735
2024-08-11,Silver Medal,1573445
2024-08-11,Silver Medal,1573442
2024-08-11,Silver Medal,1573452
2024-08-11,Silver Medal,1573439
2024-08-11,Silver Medal,1573454
2024-08-11,Silver Medal,1573455
2024-08-11,Silver Medal,1573451
2024-08-11,Silver Medal,1573457
2024-08-11,Silver Medal,1573440
2024-08-11,Silver Medal,1573448
2024-08-11,Silver Medal,1573449
2024-08-11,Silver Medal,1573441
2024-08-11,Bronze Medal,1939955
2024-08-11,Bronze Medal,1939956
2024-08-11,Bronze Medal,1939970
2024-08-11,Bronze Medal,1939971
2024-08-11,Bronze Medal,1939943
2024-08-11,Bronze Medal,1939952
2024-08-11,Bronze Medal,1939964
2024-08-11,Bronze Medal,1939948
2024-08-11,Bronze Medal,1939946
2024-08-11,Bronze Medal,1939954
2024-08-11,Bronze Medal,1939959
2024-08-11,Bronze Medal,1939967
2024-08-11,Gold Medal,1895223
2024-08-11,Gold Medal,1895248
2024-08-11,Gold Medal,1895241
2024-08-11,Gold Medal,1895238
2024-08-11,Gold Medal,1895239
2024-08-11,Gold Medal,1895202
2024-08-11,Gold Medal,1895227
2024-08-11,Gold Medal,1895228
2024-08-11,Gold Medal,1895237
2024-08-11,Gold Medal,1895172
2024-08-11,Gold Medal,1895235
2024-08-11,Gold Medal,1895161
2024-08-11,Gold Medal,1895178
2024-08-11,Gold Medal,1895234
2024-08-11,Gold Medal,1895236
2024-08-11,Gold Medal,1895180
2024-08-11,Silver Medal,1899256
2024-08-11,Silver Medal,1899239
2024-08-11,Silver Medal,1899226
2024-08-11,Silver Medal,1899206
2024-08-11,Silver Medal,1899237
2024-08-11,Silver Medal,1899214
2024-08-11,Silver Medal,1899227
2024-08-11,Silver Medal,1899231
2024-08-11,Silver Medal,1899185
2024-08-11,Silver Medal,1899247
2024-08-11,Silver Medal,1899193
2024-08-11,Silver Medal,1899181
2024-08-11,Silver Medal,1899252
2024-08-11,Silver Medal,1899246
2024-08-11,Silver Medal,3546884
2024-08-11,Silver Medal,1899187
2024-08-11,Bronze Medal,1948272
2024-08-11,Bronze Medal,1948260
2024-08-11,Bronze Medal,1948239
2024-08-11,Bronze Medal,1948238
2024-08-11,Bronze Medal,1948246
2024-08-11,Bronze Medal,1948251
2024-08-11,Bronze Medal,1948281
2024-08-11,Bronze Medal,1948233
2024-08-11,Bronze Medal,1948252
2024-08-11,Bronze Medal,1948288
2024-08-11,Bronze Medal,1948280
2024-08-11,Bronze Medal,1948240
2024-08-11,Bronze Medal,1948268
2024-08-11,Bronze Medal,1948244
2024-08-11,Bronze Medal,1948278
2024-08-11,Gold Medal,1921740
2024-08-11,Gold Medal,1921757
2024-08-11,Gold Medal,1921738
2024-08-11,Gold Medal,1921747
2024-08-11,Gold Medal,1921751
2024-08-11,Gold Medal,1921746
2024-08-11,Gold Medal,1921742
2024-08-11,Gold Medal,1921752
2024-08-11,Gold Medal,1921743
2024-08-11,Gold Medal,1969716
2024-08-11,Gold Medal,1921761
2024-08-11,Gold Medal,1921753
2024-08-11,Gold Medal,1921749
2024-08-11,Silver Medal,1917762
2024-08-11,Silver Medal,1917759
2024-08-11,Silver Medal,1917760
2024-08-11,Silver Medal,1917765
2024-08-11,Silver Medal,1917766
2024-08-11,Silver Medal,1917769
2024-08-11,Silver Medal,1917758
2024-08-11,Silver Medal,1917738
2024-08-11,Silver Medal,1917752
2024-08-11,Silver Medal,1917741
2024-08-11,Silver Medal,1917757
2024-08-11,Silver Medal,1917756
2024-08-11,Silver Medal,1917746
2024-08-11,Gold Medal,1956434
2024-08-11,Gold Medal,1956444
2024-08-11,Gold Medal,1956459
2024-08-11,Gold Medal,1956456
2024-08-11,Gold Medal,1956426
2024-08-11,Gold Medal,1956427
2024-08-11,Gold Medal,1956432
2024-08-11,Gold Medal,1956440
2024-08-11,Gold Medal,1956466
2024-08-11,Gold Medal,1956465
2024-08-11,Gold Medal,1956457
2024-08-11,Gold Medal,1956438
2024-08-11,Gold Medal,1956448
2024-08-11,Silver Medal,1915766
2024-08-11,Silver Medal,1915768
2024-08-11,Silver Medal,1915778
2024-08-11,Silver Medal,1915781
2024-08-11,Silver Medal,1915784
2024-08-11,Silver Medal,1915769
2024-08-11,Silver Medal,1915792
2024-08-11,Silver Medal,1915791
2024-08-11,Silver Medal,1915802
2024-08-11,Silver Medal,1915790
2024-08-11,Silver Medal,1915801
2024-08-11,Silver Medal,1915782
2024-08-11,Silver Medal,1915793
2024-08-11,Bronze Medal,1908370
2024-08-11,Bronze Medal,1908360
2024-08-11,Bronze Medal,1908369
2024-08-11,Bronze Medal,1908365
2024-08-11,Bronze Medal,1908353
2024-08-11,Bronze Medal,1908352
2024-08-11,Bronze Medal,1908357
2024-08-11,Bronze Medal,1908371
2024-08-11,Bronze Medal,1908350
2024-08-11,Bronze Medal,1908354
2024-08-11,Bronze Medal,1908355
2024-08-11,Bronze Medal,1908361
2024-08-11,Bronze Medal,1908359
2024-08-10,Gold Medal,1927515
2024-08-10,Gold Medal,1927516
2024-08-10,Gold Medal,1927517
2024-08-10,Gold Medal,1927518
2024-08-10,Gold Medal,1927519
2024-08-10,Silver Medal,1908226
2024-08-10,Silver Medal,1908240
2024-08-10,Silver Medal,1908233
2024-08-10,Silver Medal,1908235
2024-08-10,Silver Medal,1908230
2024-08-10,Bronze Medal,1923700
2024-08-10,Bronze Medal,1923701
2024-08-10,Bronze Medal,1923699
2024-08-10,Bronze Medal,1923703
2024-08-10,Bronze Medal,1923704
